<?xml version="1.0" encoding="UTF-8"?>
<metadata xml:lang="en"><Esri><CreaDate>20201012</CreaDate><CreaTime>20405100</CreaTime><ArcGISFormat>1.0</ArcGISFormat><SyncOnce>TRUE</SyncOnce><DataProperties><lineage><Process ToolSource="c:\program files (x86)\arcgis\desktop10.7\ArcToolbox\Toolboxes\Data Management Tools.tbx\Project" Date="20201012" Time="203839">Project NH_tracts_w_censusData C:\Users\f003fs5\Documents\ArcGIS\Default.gdb\NH_tracts_w_censusData_Proje PROJCS['NAD_1983_2011_StatePlane_New_Hampshire_FIPS_2800',GEOGCS['GCS_NAD_1983_2011',DATUM['D_NAD_1983_2011',SPHEROID['GRS_1980',6378137.0,298.257222101]],PRIMEM['Greenwich',0.0],UNIT['Degree',0.0174532925199433]],PROJECTION['Transverse_Mercator'],PARAMETER['False_Easting',300000.0],PARAMETER['False_Northing',0.0],PARAMETER['Central_Meridian',-71.66666666666667],PARAMETER['Scale_Factor',0.9999666666666667],PARAMETER['Latitude_Of_Origin',42.5],UNIT['Meter',1.0]] 'WGS_1984_(ITRF00)_To_NAD_1983 + WGS_1984_(ITRF08)_To_NAD_1983_2011' PROJCS['NAD_1983_StatePlane_New_Hampshire_FIPS_2800_Feet',GEOGCS['GCS_North_American_1983',DATUM['D_North_American_1983',SPHEROID['GRS_1980',6378137.0,298.257222101]],PRIMEM['Greenwich',0.0],UNIT['Degree',0.0174532925199433]],PROJECTION['Transverse_Mercator'],PARAMETER['False_Easting',984250.0],PARAMETER['False_Northing',0.0],PARAMETER['Central_Meridian',-71.66666666666667],PARAMETER['Scale_Factor',0.9999666666666667],PARAMETER['Latitude_Of_Origin',42.5],UNIT['Foot_US',0.3048006096012192]] NO_PRESERVE_SHAPE # NO_VERTICAL</Process></lineage></DataProperties></Esri></metadata>
