<?xml version="1.0" encoding="UTF-8"?>
<metadata xml:lang="en"><Esri><CreaDate>20201002</CreaDate><CreaTime>23463700</CreaTime><ArcGISFormat>1.0</ArcGISFormat><SyncOnce>TRUE</SyncOnce><DataProperties><lineage><Process ToolSource="c:\program files (x86)\arcgis\desktop10.7\ArcToolbox\Toolboxes\Data Management Tools.tbx\CalculateField" Date="20201002" Time="234637">CalculateField Towns_Cities_w_Lyme_rate LymeRate [F2010_2015] VB #</Process><Process ToolSource="c:\program files (x86)\arcgis\desktop10.7\ArcToolbox\Toolboxes\Data Management Tools.tbx\CalculateField" Date="20201005" Time="155053">CalculateField "Lyme Disease Rate" LymeRate [F2010_2014] VB #</Process></lineage></DataProperties></Esri></metadata>
