<?xml version="1.0" encoding="UTF-8"?>
<metadata xml:lang="en"><Esri><CreaDate>20201002</CreaDate><CreaTime>19581700</CreaTime><ArcGISFormat>1.0</ArcGISFormat><SyncOnce>TRUE</SyncOnce><DataProperties><itemProps><itemLocation><linkage Sync="TRUE">file://\\rds-gw04\Research\Students\Darren_Colby\working_data\New_Hampshire_Political_Boundaries</linkage><protocol Sync="TRUE">Local Area Network</protocol></itemLocation></itemProps><copyHistory><copy source="Z:\Students\Darren_Colby\Lab1_data\Lab1_data\New_Hampshire_Political_Boundaries-shp\New_Hampshire_Political_Boundaries" dest="\\rds-gw04\Research\Students\Darren_Colby\working_data\New_Hampshire_Political_Boundaries" date="20201001" time="20585700"></copy></copyHistory></DataProperties></Esri></metadata>
