<metadata><idinfo><citation><citeinfo><origin>U.S. Census Bureau</origin><pubdate>201912</pubdate><title>COUNTY BOUNDARIES IN FLORIDA (WITH SELECTED FIELDS FROM THE 2014-2018 AMERICAN COMMUNITY SURVEY)</title><geoform>vector digital data</geoform><pubinfo><pubplace>Washington, DC</pubplace><publish>U.S. Census Bureau</publish></pubinfo><othercit>State of Florida</othercit><onlink>www.census.gov</onlink></citeinfo></citation><descript><abstract>This dataset contains the State of Florida county boundaries with selected fields from the 2014-2018 American Community Survey (ACS). Some of the fields included in this dataset are total population, education, and housing and economic characteristics.</abstract><purpose>A variety of planning purposes.</purpose></descript><timeperd><timeinfo><rngdates><begdate>2014</begdate><enddate>2018</enddate></rngdates></timeinfo><current>publication date</current></timeperd><status><progress>Complete</progress><update>As needed</update></status><spdom><bounding><westbc>
-87.429040</westbc><eastbc>
-79.872251</eastbc><northbc>
30.983191</northbc><southbc>
24.492815</southbc></bounding></spdom><keywords><theme><themekt>NONE</themekt><themekey>population</themekey><themekey>socioeconomic</themekey><themekey>economic</themekey><themekey>housing</themekey><themekey>education</themekey></theme><theme><themekt>ISO 19115 Topic Category</themekt><themekey>society</themekey><themekey>boundaries</themekey></theme><place><placekey>Florida</placekey><placekey>block group</placekey></place></keywords><accconst>NONE</accconst><useconst>NONE</useconst><ptcontac><cntinfo><cntorgp><cntorg>U.S. Census Bureau</cntorg></cntorgp><cntvoice>(301) 763-4039</cntvoice><cntfax>(301) 763-4348</cntfax><cntinst>http://www.census.gov/</cntinst></cntinfo></ptcontac><native>Microsoft Windows Vista Version 6.2 (Build 9200) ; ESRI ArcCatalog 9.3.1.4000</native><crossref><citeinfo><othercit>2012-2016 ACS Summary File Tech Document: 
https://www2.census.gov/programs-surveys/acs/summary_file/2016/documentation/tech_docs/2016_SummaryFile_Tech_Doc.pdf</othercit></citeinfo></crossref></idinfo><dataqual><attracc><attraccr>GeoPlan relied on the integrity of the attribute information within
the original data.</attraccr></attracc><logic>This data is provided 'as is'. GeoPlan relied on the integrity
of the original data layer's topology</logic><complete>This data is provided 'as is' by GeoPlan and is complete to our
knowledge.</complete><posacc><horizpa><horizpar>This data is provided 'as is' and its horizontal positional accuracy
has not been verified by GeoPlan</horizpar></horizpa><vertacc><vertaccr>This data is provided 'as is' and its vertical positional accuracy
has not been verified by GeoPlan</vertaccr></vertacc></posacc><lineage><srcinfo><srcscale>1:100,000</srcscale><typesrc>Online</typesrc><srccitea>U.S. Census Bureau</srccitea><srccontr>Spatial and Attribute Information</srccontr></srcinfo><procstep><procdesc>The FGDL layer CNTBND_SEP15 represents the spatial portion of this data.

The American Community Survey data was downloaded 
from the Census Bureau in .csv format from:
https://www2.census.gov/programs-surveys/acs/summary_file/2017/data/5_year_by_state/
date downloaded: 1/8/20


A variety of GIS techniques including python scripting were used to parse, 
aggregate, and join the tabular demographic data to the spatial data. The result is a 
feature class with logically named fields that are made up of one or more census 
fields.</procdesc><srcused>GeoPlan</srcused><procdate>20200128</procdate></procstep></lineage></dataqual><spdoinfo><direct>Vector</direct><ptvctinf><esriterm Name="cntdem_acs_2018"><efeatyp Sync="TRUE">Simple</efeatyp><efeageom code="4" Sync="TRUE"></efeageom><esritopo Sync="TRUE">FALSE</esritopo><efeacnt Sync="TRUE">0</efeacnt><spindex Sync="TRUE">FALSE</spindex><linrefer Sync="TRUE">FALSE</linrefer></esriterm></ptvctinf></spdoinfo><spref><horizsys><planar><planci><plance>coordinate pair</plance><coordrep><absres>0.002048</absres><ordres>0.002048</ordres></coordrep><plandu>meters</plandu></planci></planar><geodetic><horizdn>D_North_American_1983_HARN</horizdn><ellips>Geodetic Reference System 80</ellips><semiaxis>6378137.000000</semiaxis><denflat>298.257222</denflat></geodetic></horizsys><vertdef><altsys><altres>1.000000</altres><altenc>Explicit elevation coordinate included with horizontal coordinates</altenc></altsys></vertdef></spref><eainfo><detailed Name="cntdem_acs_2018"><enttyp><enttypl>
CNTDEM_ACS_2018</enttypl><enttypd>CNTDEM_ACS_2018</enttypd><enttypds>U.S. Census Bureau</enttypds><enttypt Sync="TRUE">Feature Class</enttypt><enttypc Sync="TRUE">0</enttypc></enttyp><attr><attrlabl>FID</attrlabl><attrdef>Internal feature number.</attrdef><attrdefs>Esri</attrdefs><attrdomv><udom>Sequential unique whole numbers that are automatically generated.</udom></attrdomv><attalias Sync="TRUE">FID</attalias><attrtype Sync="TRUE">OID</attrtype><attwidth Sync="TRUE">4</attwidth><atprecis Sync="TRUE">0</atprecis><attscale Sync="TRUE">0</attscale></attr><attr><attrlabl>TIGERNAME</attrlabl><attrdef>County name taken from TIGER data.</attrdef><attalias Sync="TRUE">TIGERNAME</attalias><attrtype Sync="TRUE">String</attrtype><attwidth Sync="TRUE">100</attwidth><atprecis Sync="TRUE">0</atprecis><attscale Sync="TRUE">0</attscale></attr><attr><attrlabl>NAME</attrlabl><attrdef>County Name</attrdef><attalias Sync="TRUE">NAME</attalias><attrtype Sync="TRUE">String</attrtype><attwidth Sync="TRUE">32</attwidth><atprecis Sync="TRUE">0</atprecis><attscale Sync="TRUE">0</attscale></attr><attr><attrlabl>FGDLCODE</attrlabl><attrdef>County Code used by FGDL (coincides with alphabetical order)</attrdef><attalias Sync="TRUE">FGDLCODE</attalias><attrtype Sync="TRUE">String</attrtype><attwidth Sync="TRUE">32</attwidth><atprecis Sync="TRUE">0</atprecis><attscale Sync="TRUE">0</attscale></attr><attr><attrlabl>FIPS</attrlabl><attrdef>FIPS Code</attrdef><attalias Sync="TRUE">FIPS</attalias><attrtype Sync="TRUE">String</attrtype><attwidth Sync="TRUE">3</attwidth><atprecis Sync="TRUE">0</atprecis><attscale Sync="TRUE">0</attscale></attr><attr><attrlabl>COASTAL</attrlabl><attrdef>If the county is coastal</attrdef><attalias Sync="TRUE">COASTAL</attalias><attrtype Sync="TRUE">String</attrtype><attwidth Sync="TRUE">1</attwidth><atprecis Sync="TRUE">0</atprecis><attscale Sync="TRUE">0</attscale></attr><attr><attrlabl>SHAPE</attrlabl><attrdef>Feature geometry.</attrdef><attrdefs>ESRI</attrdefs><attrdomv><udom>Coordinates defining the features.</udom></attrdomv><attalias Sync="TRUE">Shape</attalias><attrtype Sync="TRUE">Geometry</attrtype><attwidth Sync="TRUE">0</attwidth><atprecis Sync="TRUE">0</atprecis><attscale Sync="TRUE">0</attscale></attr><attr><attrlabl>GEOID10</attrlabl><attrdef>Block identifier; a concatenation of 2010 Census state Federal Information Processing Standards (FIPS) code, county FIPS code, census tract code, census block group code</attrdef><attalias Sync="TRUE">GEOID10</attalias><attrtype Sync="TRUE">String</attrtype><attwidth Sync="TRUE">12</attwidth><atprecis Sync="TRUE">0</atprecis><attscale Sync="TRUE">0</attscale></attr><attr><attrlabl>LOGRECNO</attrlabl><attrdef>Unique ID used to join ACS 2010-2014 data to proper Block Group</attrdef><attalias Sync="TRUE">LOGRECNO</attalias><attrtype Sync="TRUE">Integer</attrtype><attwidth Sync="TRUE">10</attwidth><atprecis Sync="TRUE">10</atprecis><attscale Sync="TRUE">0</attscale></attr><attr><attrlabl>ACRES</attrlabl><attrdef>Acres</attrdef><attalias Sync="TRUE">ACRES</attalias><attrtype Sync="TRUE">Double</attrtype><attwidth Sync="TRUE">19</attwidth><atprecis Sync="TRUE">18</atprecis><attscale Sync="TRUE">8</attscale></attr><attr><attrlabl>TOTALPOP</attrlabl><attrdef>Total Population - [B01003_001]</attrdef><attalias Sync="TRUE">TOTALPOP</attalias><attrtype Sync="TRUE">Integer</attrtype><attwidth Sync="TRUE">10</attwidth><atprecis Sync="TRUE">10</atprecis><attscale Sync="TRUE">0</attscale></attr><attr><attrlabl>HOUSEHOLDS</attrlabl><attrdef>Total: Households - [B11001_001]</attrdef><attalias Sync="TRUE">HOUSEHOLDS</attalias><attrtype Sync="TRUE">Integer</attrtype><attwidth Sync="TRUE">10</attwidth><atprecis Sync="TRUE">10</atprecis><attscale Sync="TRUE">0</attscale></attr><attr><attrlabl>MALE</attrlabl><attrdef>Population Male  - [B01001_002]</attrdef><attalias Sync="TRUE">MALE</attalias><attrtype Sync="TRUE">Integer</attrtype><attwidth Sync="TRUE">10</attwidth><atprecis Sync="TRUE">10</atprecis><attscale Sync="TRUE">0</attscale></attr><attr><attrlabl>FEMALE</attrlabl><attrdef>Population Female - [B01001_026]</attrdef><attalias Sync="TRUE">FEMALE</attalias><attrtype Sync="TRUE">Integer</attrtype><attwidth Sync="TRUE">10</attwidth><atprecis Sync="TRUE">10</atprecis><attscale Sync="TRUE">0</attscale></attr><attr><attrlabl>WHITE</attrlabl><attrdef>Population White alone - [B02001_002]</attrdef><attalias Sync="TRUE">WHITE</attalias><attrtype Sync="TRUE">Integer</attrtype><attwidth Sync="TRUE">10</attwidth><atprecis Sync="TRUE">10</atprecis><attscale Sync="TRUE">0</attscale></attr><attr><attrlabl>BLACK</attrlabl><attrdef>Population Black or African American alone - [B02001_003]</attrdef><attalias Sync="TRUE">BLACK</attalias><attrtype Sync="TRUE">Integer</attrtype><attwidth Sync="TRUE">10</attwidth><atprecis Sync="TRUE">10</atprecis><attscale Sync="TRUE">0</attscale></attr><attr><attrlabl>AMERI_ES</attrlabl><attrdef>Population American Indian and Alaska Native alone - [B02001_004]</attrdef><attalias Sync="TRUE">AMERI_ES</attalias><attrtype Sync="TRUE">Integer</attrtype><attwidth Sync="TRUE">10</attwidth><atprecis Sync="TRUE">10</atprecis><attscale Sync="TRUE">0</attscale></attr><attr><attrlabl>ASIAN</attrlabl><attrdef>Population Asian alone - [B02001_005]</attrdef><attalias Sync="TRUE">ASIAN</attalias><attrtype Sync="TRUE">Integer</attrtype><attwidth Sync="TRUE">10</attwidth><atprecis Sync="TRUE">10</atprecis><attscale Sync="TRUE">0</attscale></attr><attr><attrlabl>HAWN_PI</attrlabl><attrdef>Population Native Hawaiian and Other Pacific Islander alone - [B02001_006]</attrdef><attalias Sync="TRUE">HAWN_PI</attalias><attrtype Sync="TRUE">Integer</attrtype><attwidth Sync="TRUE">10</attwidth><atprecis Sync="TRUE">10</atprecis><attscale Sync="TRUE">0</attscale></attr><attr><attrlabl>OTHER</attrlabl><attrdef>Population Some other race alone - [B02001_007]</attrdef><attalias Sync="TRUE">OTHER</attalias><attrtype Sync="TRUE">Integer</attrtype><attwidth Sync="TRUE">10</attwidth><atprecis Sync="TRUE">10</atprecis><attscale Sync="TRUE">0</attscale></attr><attr><attrlabl>MULT_RACE</attrlabl><attrdef>Population Two or more races - [B02001_008]</attrdef><attalias Sync="TRUE">MULT_RACE</attalias><attrtype Sync="TRUE">Integer</attrtype><attwidth Sync="TRUE">10</attwidth><atprecis Sync="TRUE">10</atprecis><attscale Sync="TRUE">0</attscale></attr><attr><attrlabl>HISPANIC</attrlabl><attrdef>Population Hispanic or Latino by Race - [B03002_012]</attrdef><attalias Sync="TRUE">HISPANIC</attalias><attrtype Sync="TRUE">Integer</attrtype><attwidth Sync="TRUE">10</attwidth><atprecis Sync="TRUE">10</atprecis><attscale Sync="TRUE">0</attscale></attr><attr><attrlabl>WHITE_NH</attrlabl><attrdef>Not Hispanic or Latino:White alone - [B03002_003]</attrdef><attalias Sync="TRUE">WHITE_NH</attalias><attrtype Sync="TRUE">Integer</attrtype><attwidth Sync="TRUE">10</attwidth><atprecis Sync="TRUE">10</atprecis><attscale Sync="TRUE">0</attscale></attr><attr><attrlabl>AVE_HH_SZ</attrlabl><attrdef>Average household size Total: Average Household Size of Occupied Housing Units by Tenure - [B25010_001]</attrdef><attalias Sync="TRUE">AVE_HH_SZ</attalias><attrtype Sync="TRUE">Double</attrtype><attwidth Sync="TRUE">19</attwidth><atprecis Sync="TRUE">18</atprecis><attscale Sync="TRUE">8</attscale></attr><attr><attrlabl>PH_TOTAL</attrlabl><attrdef>Total: Household Type by Relatives and Nonrelatives for Population in Households - [B11002_001]</attrdef><attalias Sync="TRUE">PH_TOTAL</attalias><attrtype Sync="TRUE">Integer</attrtype><attwidth Sync="TRUE">10</attwidth><atprecis Sync="TRUE">10</atprecis><attscale Sync="TRUE">0</attscale></attr><attr><attrlabl>PH_FAM</attrlabl><attrdef>Population in family households - [B11002_002]</attrdef><attalias Sync="TRUE">PH_FAM</attalias><attrtype Sync="TRUE">Integer</attrtype><attwidth Sync="TRUE">10</attwidth><atprecis Sync="TRUE">10</atprecis><attscale Sync="TRUE">0</attscale></attr><attr><attrlabl>PH_NONFAM</attrlabl><attrdef>Population in nonfamily households - [B11002_012]</attrdef><attalias Sync="TRUE">PH_NONFAM</attalias><attrtype Sync="TRUE">Integer</attrtype><attwidth Sync="TRUE">10</attwidth><atprecis Sync="TRUE">10</atprecis><attscale Sync="TRUE">0</attscale></attr><attr><attrlabl>FAM_HH</attrlabl><attrdef>Family households - [B11001_002]</attrdef><attalias Sync="TRUE">FAM_HH</attalias><attrtype Sync="TRUE">Integer</attrtype><attwidth Sync="TRUE">10</attwidth><atprecis Sync="TRUE">10</atprecis><attscale Sync="TRUE">0</attscale></attr><attr><attrlabl>AVE_FAM_SZ</attrlabl><attrdef>Average family size (Total Population In family households/Family households)  - [PH_FAM]/[FAM_HH]</attrdef><attalias Sync="TRUE">AVE_FAM_SZ</attalias><attrtype Sync="TRUE">Double</attrtype><attwidth Sync="TRUE">19</attwidth><atprecis Sync="TRUE">18</atprecis><attscale Sync="TRUE">8</attscale></attr><attr><attrlabl>AGE_UNDER5</attrlabl><attrdef>Population Under 5 years     - [B01001_003] + [B01001_027]</attrdef><attalias Sync="TRUE">AGE_UNDER5</attalias><attrtype Sync="TRUE">Integer</attrtype><attwidth Sync="TRUE">10</attwidth><atprecis Sync="TRUE">10</atprecis><attscale Sync="TRUE">0</attscale></attr><attr><attrlabl>AGE_5_17</attrlabl><attrdef>Population 5 to 17 years      - [B01001_004] + [B01001_028] + [B01001_005] + [B01001_029] + [B01001_006] + [B01001_030]</attrdef><attalias Sync="TRUE">AGE_5_17</attalias><attrtype Sync="TRUE">Integer</attrtype><attwidth Sync="TRUE">10</attwidth><atprecis Sync="TRUE">10</atprecis><attscale Sync="TRUE">0</attscale></attr><attr><attrlabl>AGE_18_21</attrlabl><attrdef>Population 18 to 21 years   - [B01001_007] + [B01001_031] + [B01001_008] + [B01001_032] + [B01001_009] + [B01001_033]</attrdef><attalias Sync="TRUE">AGE_18_21</attalias><attrtype Sync="TRUE">Integer</attrtype><attwidth Sync="TRUE">10</attwidth><atprecis Sync="TRUE">10</atprecis><attscale Sync="TRUE">0</attscale></attr><attr><attrlabl>AGE_22_29</attrlabl><attrdef>Population 22 to 29 years    - [B01001_010] + [B01001_034] + [B01001_011] + [B01001_035]</attrdef><attalias Sync="TRUE">AGE_22_29</attalias><attrtype Sync="TRUE">Integer</attrtype><attwidth Sync="TRUE">10</attwidth><atprecis Sync="TRUE">10</atprecis><attscale Sync="TRUE">0</attscale></attr><attr><attrlabl>AGE_30_39</attrlabl><attrdef>Population 30 to 39 years    - [B01001_012] + [B01001_036] + [B01001_013] + [B01001_037]</attrdef><attalias Sync="TRUE">AGE_30_39</attalias><attrtype Sync="TRUE">Integer</attrtype><attwidth Sync="TRUE">10</attwidth><atprecis Sync="TRUE">10</atprecis><attscale Sync="TRUE">0</attscale></attr><attr><attrlabl>AGE_40_49</attrlabl><attrdef>Population 40 to 49 years    - [B01001_014] + [B01001_038] + [B01001_015] + [B01001_039]</attrdef><attalias Sync="TRUE">AGE_40_49</attalias><attrtype Sync="TRUE">Integer</attrtype><attwidth Sync="TRUE">10</attwidth><atprecis Sync="TRUE">10</atprecis><attscale Sync="TRUE">0</attscale></attr><attr><attrlabl>AGE_50_64</attrlabl><attrdef>Population 50 to 64 years    - [B01001_016] + [B01001_040] + [B01001_017] + [B01001_041] + [B01001_018] + [B01001_042] + [B01001_019] + [B01001_043]</attrdef><attalias Sync="TRUE">AGE_50_64</attalias><attrtype Sync="TRUE">Integer</attrtype><attwidth Sync="TRUE">10</attwidth><atprecis Sync="TRUE">10</atprecis><attscale Sync="TRUE">0</attscale></attr><attr><attrlabl>AGE_65_UP</attrlabl><attrdef>Population 65 and up   - [B01001_020] + [B01001_044] + [B01001_021] + [B01001_045] + [B01001_022] + [B01001_046] + [B01001_023] + [B01001_047] + [B01001_024] + [B01001_048] + [B01001_025] + [B01001_049]</attrdef><attalias Sync="TRUE">AGE_65_UP</attalias><attrtype Sync="TRUE">Integer</attrtype><attwidth Sync="TRUE">10</attwidth><atprecis Sync="TRUE">10</atprecis><attscale Sync="TRUE">0</attscale></attr><attr><attrlabl>AGE_65_74</attrlabl><attrdef>Population 65 to 74 years   - [B01001_020] + [B01001_044] + [B01001_021] + [B01001_045] + [B01001_022] + [B01001_046]</attrdef><attalias Sync="TRUE">AGE_65_74</attalias><attrtype Sync="TRUE">Integer</attrtype><attwidth Sync="TRUE">10</attwidth><atprecis Sync="TRUE">10</atprecis><attscale Sync="TRUE">0</attscale></attr><attr><attrlabl>AGE_75_84</attrlabl><attrdef>Population 75 to 84 years    - [B01001_023] + [B01001_047] + [B01001_024] + [B01001_048]</attrdef><attalias Sync="TRUE">AGE_75_84</attalias><attrtype Sync="TRUE">Integer</attrtype><attwidth Sync="TRUE">10</attwidth><atprecis Sync="TRUE">10</atprecis><attscale Sync="TRUE">0</attscale></attr><attr><attrlabl>AGE_85_UP</attrlabl><attrdef>Population 85 years and over - [B01001_025] + [B01001_049]</attrdef><attalias Sync="TRUE">AGE_85_UP</attalias><attrtype Sync="TRUE">Integer</attrtype><attwidth Sync="TRUE">10</attwidth><atprecis Sync="TRUE">10</atprecis><attscale Sync="TRUE">0</attscale></attr><attr><attrlabl>MED_AGE</attrlabl><attrdef>Median age for population - [B01002_001]</attrdef><attalias Sync="TRUE">MED_AGE</attalias><attrtype Sync="TRUE">Double</attrtype><attwidth Sync="TRUE">19</attwidth><atprecis Sync="TRUE">18</atprecis><attscale Sync="TRUE">8</attscale></attr><attr><attrlabl>HABVBELOW</attrlabl><attrdef>Households Total: households for poverty status in the past 12 months by household type by age of householder - [B17017_001]</attrdef><attalias Sync="TRUE">HABVBELOW</attalias><attrtype Sync="TRUE">Integer</attrtype><attwidth Sync="TRUE">10</attwidth><atprecis Sync="TRUE">10</atprecis><attscale Sync="TRUE">0</attscale></attr><attr><attrlabl>HBELOW_POV</attrlabl><attrdef>Households with income in the past 12 months below poverty level - [B17017_002]</attrdef><attalias Sync="TRUE">HBELOW_POV</attalias><attrtype Sync="TRUE">Integer</attrtype><attwidth Sync="TRUE">10</attwidth><atprecis Sync="TRUE">10</atprecis><attscale Sync="TRUE">0</attscale></attr><attr><attrlabl>HABOVE_POV</attrlabl><attrdef>Households with income in the past 12 months at or above poverty level - [B17017_031]</attrdef><attalias Sync="TRUE">HABOVE_POV</attalias><attrtype Sync="TRUE">Integer</attrtype><attwidth Sync="TRUE">10</attwidth><atprecis Sync="TRUE">10</atprecis><attscale Sync="TRUE">0</attscale></attr><attr><attrlabl>ABVE_BELW</attrlabl><attrdef>Population Total: Poverty Status of Individuals in the Past 12 Months by Living Arrangement - [B17021_001]</attrdef><attalias Sync="TRUE">ABVE_BELW</attalias><attrtype Sync="TRUE">Integer</attrtype><attwidth Sync="TRUE">10</attwidth><atprecis Sync="TRUE">10</atprecis><attscale Sync="TRUE">0</attscale></attr><attr><attrlabl>ABOVE_POV</attrlabl><attrdef>Population with income in the past 12 months at or above poverty level - [B17021_019]</attrdef><attalias Sync="TRUE">ABOVE_POV</attalias><attrtype Sync="TRUE">Integer</attrtype><attwidth Sync="TRUE">10</attwidth><atprecis Sync="TRUE">10</atprecis><attscale Sync="TRUE">0</attscale></attr><attr><attrlabl>BELOW_POV</attrlabl><attrdef>Population with income in the past 12 months below poverty level - [B17021_002]</attrdef><attalias Sync="TRUE">BELOW_POV</attalias><attrtype Sync="TRUE">Integer</attrtype><attwidth Sync="TRUE">10</attwidth><atprecis Sync="TRUE">10</atprecis><attscale Sync="TRUE">0</attscale></attr><attr><attrlabl>ED_TOTAL</attrlabl><attrdef>Population Total: Sex by Educational Attainment for the Population 25 Years and over  - [B15002_001]</attrdef><attalias Sync="TRUE">ED_TOTAL</attalias><attrtype Sync="TRUE">Integer</attrtype><attwidth Sync="TRUE">10</attwidth><atprecis Sync="TRUE">10</atprecis><attscale Sync="TRUE">0</attscale></attr><attr><attrlabl>ED_LESS9TH</attrlabl><attrdef>Educational Attainment for the Population 25 Years and over No schooling completed, Nursery to 4th grade, 5th and 6th grade, 7th and 8th grade  - [B15002_003] + [B15002_020] + [B15002_004] + [B15002_021] + [B15002_005] + [B15002_022] + [B15002_006] + [B15002_023]</attrdef><attalias Sync="TRUE">ED_LESS9TH</attalias><attrtype Sync="TRUE">Integer</attrtype><attwidth Sync="TRUE">10</attwidth><atprecis Sync="TRUE">10</atprecis><attscale Sync="TRUE">0</attscale></attr><attr><attrlabl>ED_12NODIP</attrlabl><attrdef>Educational Attainment for the Population 25 Years and over 9th grade, 10th grade, 11th grade, 12th grade, no diploma - [B15002_007] + [B15002_024] + [B15002_008] + [B15002_025] + [B15002_009] + [B15002_026] + [B15002_010] + [B15002_027]</attrdef><attalias Sync="TRUE">ED_12NODIP</attalias><attrtype Sync="TRUE">Integer</attrtype><attwidth Sync="TRUE">10</attwidth><atprecis Sync="TRUE">10</atprecis><attscale Sync="TRUE">0</attscale></attr><attr><attrlabl>HSGRAD</attrlabl><attrdef>Educational Attainment for the Population 25 Years and over High school graduate, GED (includes equivalency) - [B15002_011] + [B15002_028] + [B15002_012] + [B15002_029] + [B15002_013] + [B15002_030] + [B15002_014] + [B15002_031] + [B15002_015] + [B15002_032] + [B15002_016] + [B15002_033] + [B15002_017] + [B15002_034] + [B15002_018] + [B15002_035]</attrdef><attalias Sync="TRUE">HSGRAD</attalias><attrtype Sync="TRUE">Integer</attrtype><attwidth Sync="TRUE">10</attwidth><atprecis Sync="TRUE">10</atprecis><attscale Sync="TRUE">0</attscale></attr><attr><attrlabl>ED_SOMECOL</attrlabl><attrdef>Educational Attainment for the Population 25 Years and over Some college - less than 1 year, Some college - 1 or more years no degree, Associate's degree - [B15002_012] + [B15002_029] + [B15002_013] + [B15002_030] + [B15002_014] + [B15002_031]</attrdef><attalias Sync="TRUE">ED_SOMECOL</attalias><attrtype Sync="TRUE">Integer</attrtype><attwidth Sync="TRUE">10</attwidth><atprecis Sync="TRUE">10</atprecis><attscale Sync="TRUE">0</attscale></attr><attr><attrlabl>ED_COLLEGE</attrlabl><attrdef>Educational Attainment for the Population 25 Years and over Bachelor's degree, Master's degree, Professional school degree, Doctorate degree - [B15002_015] + [B15002_032] + [B15002_016] + [B15002_033] + [B15002_017] + [B15002_034] + [B15002_018] + [B15002_035]</attrdef><attalias Sync="TRUE">ED_COLLEGE</attalias><attrtype Sync="TRUE">Integer</attrtype><attwidth Sync="TRUE">10</attwidth><atprecis Sync="TRUE">10</atprecis><attscale Sync="TRUE">0</attscale></attr><attr><attrlabl>BACHELORS</attrlabl><attrdef>Educational Attainment for the Population 25 Years and over Bachelor's degree only - [B15002_015] + [B15002_032]</attrdef><attalias Sync="TRUE">BACHELORS</attalias><attrtype Sync="TRUE">Integer</attrtype><attwidth Sync="TRUE">10</attwidth><atprecis Sync="TRUE">10</atprecis><attscale Sync="TRUE">0</attscale></attr><attr><attrlabl>HSE_UNITS</attrlabl><attrdef>Total Housing Units  - [B25001_001]</attrdef><attalias Sync="TRUE">HSE_UNITS</attalias><attrtype Sync="TRUE">Integer</attrtype><attwidth Sync="TRUE">10</attwidth><atprecis Sync="TRUE">10</atprecis><attscale Sync="TRUE">0</attscale></attr><attr><attrlabl>HS_PER_AC</attrlabl><attrdef>Housing units per acre - [HSE_UNITS]/[ACRES]</attrdef><attalias Sync="TRUE">HS_PER_AC</attalias><attrtype Sync="TRUE">Double</attrtype><attwidth Sync="TRUE">19</attwidth><atprecis Sync="TRUE">18</atprecis><attscale Sync="TRUE">8</attscale></attr><attr><attrlabl>VACANT</attrlabl><attrdef>Total Vacant housing units - [B25004_001]</attrdef><attalias Sync="TRUE">VACANT</attalias><attrtype Sync="TRUE">Integer</attrtype><attwidth Sync="TRUE">10</attwidth><atprecis Sync="TRUE">10</atprecis><attscale Sync="TRUE">0</attscale></attr><attr><attrlabl>TRAN_TOTAL</attrlabl><attrdef>Means of Transportation to Work Total, workers 16 years and over - [B08301_001]</attrdef><attalias Sync="TRUE">TRAN_TOTAL</attalias><attrtype Sync="TRUE">Integer</attrtype><attwidth Sync="TRUE">10</attwidth><atprecis Sync="TRUE">10</atprecis><attscale Sync="TRUE">0</attscale></attr><attr><attrlabl>TRAN_CAR</attrlabl><attrdef>Means of Transportation to Work Car, truck, or van - [B08301_002]</attrdef><attalias Sync="TRUE">TRAN_CAR</attalias><attrtype Sync="TRUE">Integer</attrtype><attwidth Sync="TRUE">10</attwidth><atprecis Sync="TRUE">10</atprecis><attscale Sync="TRUE">0</attscale></attr><attr><attrlabl>TRAN_MOTO</attrlabl><attrdef>Means of Transportation to Work Motorcycle - [B08301_017]</attrdef><attalias Sync="TRUE">TRAN_MOTO</attalias><attrtype Sync="TRUE">Integer</attrtype><attwidth Sync="TRUE">10</attwidth><atprecis Sync="TRUE">10</atprecis><attscale Sync="TRUE">0</attscale></attr><attr><attrlabl>TRAN_BIKE</attrlabl><attrdef>Means of Transportation to Work Bicycle - [B08301_018]</attrdef><attalias Sync="TRUE">TRAN_BIKE</attalias><attrtype Sync="TRUE">Integer</attrtype><attwidth Sync="TRUE">10</attwidth><atprecis Sync="TRUE">10</atprecis><attscale Sync="TRUE">0</attscale></attr><attr><attrlabl>TRAN_PUB</attrlabl><attrdef>Means of Transportation to Work Public transportation (excluding taxicab) - [B08301_010]</attrdef><attalias Sync="TRUE">TRAN_PUB</attalias><attrtype Sync="TRUE">Integer</attrtype><attwidth Sync="TRUE">10</attwidth><atprecis Sync="TRUE">10</atprecis><attscale Sync="TRUE">0</attscale></attr><attr><attrlabl>TRAN_WALK</attrlabl><attrdef>Means of Transportation to Work Walked - [B08301_019]</attrdef><attalias Sync="TRUE">TRAN_WALK</attalias><attrtype Sync="TRUE">Integer</attrtype><attwidth Sync="TRUE">10</attwidth><atprecis Sync="TRUE">10</atprecis><attscale Sync="TRUE">0</attscale></attr><attr><attrlabl>TRAN_OTHER</attrlabl><attrdef>Means of Transportation to Work Other means - [B08301_020]</attrdef><attalias Sync="TRUE">TRAN_OTHER</attalias><attrtype Sync="TRUE">Integer</attrtype><attwidth Sync="TRUE">10</attwidth><atprecis Sync="TRUE">10</atprecis><attscale Sync="TRUE">0</attscale></attr><attr><attrlabl>TRAN_HOME</attrlabl><attrdef>Means of Transportation to Work Worked at home - [B08301_021]</attrdef><attalias Sync="TRUE">TRAN_HOME</attalias><attrtype Sync="TRUE">Integer</attrtype><attwidth Sync="TRUE">10</attwidth><atprecis Sync="TRUE">10</atprecis><attscale Sync="TRUE">0</attscale></attr><attr><attrlabl>ENROLLED</attrlabl><attrdef>Population 3 Years And Over Enrolled In School - [B14002_003] + [B14002_027]</attrdef><attalias Sync="TRUE">ENROLLED</attalias><attrtype Sync="TRUE">Integer</attrtype><attwidth Sync="TRUE">10</attwidth><atprecis Sync="TRUE">10</atprecis><attscale Sync="TRUE">0</attscale></attr><attr><attrlabl>NOT_ENROLD</attrlabl><attrdef>Population 3 Years And Over Not enrolled in school - [B14002_025] + [B14002_049]</attrdef><attalias Sync="TRUE">NOT_ENROLD</attalias><attrtype Sync="TRUE">Integer</attrtype><attwidth Sync="TRUE">10</attwidth><atprecis Sync="TRUE">10</atprecis><attscale Sync="TRUE">0</attscale></attr><attr><attrlabl>LESS_10K</attrlabl><attrdef>Number of Households with Household Income in The Past 12 Months Less than $10,000 (in 2018 Inflation-Adjusted Dollars) - [B19001_002]</attrdef><attalias Sync="TRUE">LESS_10K</attalias><attrtype Sync="TRUE">Integer</attrtype><attwidth Sync="TRUE">10</attwidth><atprecis Sync="TRUE">10</atprecis><attscale Sync="TRUE">0</attscale></attr><attr><attrlabl>I10K_14K</attrlabl><attrdef>Number of Households with Household Income in The Past 12 Months $10,000 to $14,999 (in 2018 Inflation-Adjusted Dollars) - [B19001_003]</attrdef><attalias Sync="TRUE">I10K_14K</attalias><attrtype Sync="TRUE">Integer</attrtype><attwidth Sync="TRUE">10</attwidth><atprecis Sync="TRUE">10</atprecis><attscale Sync="TRUE">0</attscale></attr><attr><attrlabl>I15K_19K</attrlabl><attrdef>Number of Households with Household Income in The Past 12 Months $15,000 to $19,999 (in 2018 Inflation-Adjusted Dollars) - [B19001_004]</attrdef><attalias Sync="TRUE">I15K_19K</attalias><attrtype Sync="TRUE">Integer</attrtype><attwidth Sync="TRUE">10</attwidth><atprecis Sync="TRUE">10</atprecis><attscale Sync="TRUE">0</attscale></attr><attr><attrlabl>I20K_24K</attrlabl><attrdef>Number of Households with Household Income in The Past 12 Months $20,000 to $24,999 (in 2018 Inflation-Adjusted Dollars) - [B19001_005]</attrdef><attalias Sync="TRUE">I20K_24K</attalias><attrtype Sync="TRUE">Integer</attrtype><attwidth Sync="TRUE">10</attwidth><atprecis Sync="TRUE">10</atprecis><attscale Sync="TRUE">0</attscale></attr><attr><attrlabl>I25K_29K</attrlabl><attrdef>Number of Households with Household Income in The Past 12 Months $25,000 to $29,999 (in 2018 Inflation-Adjusted Dollars) - [B19001_006]</attrdef><attalias Sync="TRUE">I25K_29K</attalias><attrtype Sync="TRUE">Integer</attrtype><attwidth Sync="TRUE">10</attwidth><atprecis Sync="TRUE">10</atprecis><attscale Sync="TRUE">0</attscale></attr><attr><attrlabl>I30K_34K</attrlabl><attrdef>Number of Households with Household Income in The Past 12 Months $30,000 to $34,999 (in 2018 Inflation-Adjusted Dollars) - [B19001_007]</attrdef><attalias Sync="TRUE">I30K_34K</attalias><attrtype Sync="TRUE">Integer</attrtype><attwidth Sync="TRUE">10</attwidth><atprecis Sync="TRUE">10</atprecis><attscale Sync="TRUE">0</attscale></attr><attr><attrlabl>I35K_39K</attrlabl><attrdef>Number of Households with Household Income in The Past 12 Months $35,000 to $39,999 (in 2018 Inflation-Adjusted Dollars) - [B19001_008]</attrdef><attalias Sync="TRUE">I35K_39K</attalias><attrtype Sync="TRUE">Integer</attrtype><attwidth Sync="TRUE">10</attwidth><atprecis Sync="TRUE">10</atprecis><attscale Sync="TRUE">0</attscale></attr><attr><attrlabl>I40K_44K</attrlabl><attrdef>Number of Households with Household Income in The Past 12 Months $40,000 to $44,999 (in 2018 Inflation-Adjusted Dollars) - [B19001_009]</attrdef><attalias Sync="TRUE">I40K_44K</attalias><attrtype Sync="TRUE">Integer</attrtype><attwidth Sync="TRUE">10</attwidth><atprecis Sync="TRUE">10</atprecis><attscale Sync="TRUE">0</attscale></attr><attr><attrlabl>I45K_49K</attrlabl><attrdef>Number of Households with Household Income in The Past 12 Months $45,000 to $49,999 (in 2018 Inflation-Adjusted Dollars) - [B19001_010]</attrdef><attalias Sync="TRUE">I45K_49K</attalias><attrtype Sync="TRUE">Integer</attrtype><attwidth Sync="TRUE">10</attwidth><atprecis Sync="TRUE">10</atprecis><attscale Sync="TRUE">0</attscale></attr><attr><attrlabl>I50K_59K</attrlabl><attrdef>Number of Households with Household Income in The Past 12 Months $50,000 to $59,999 (in 2018 Inflation-Adjusted Dollars) - [B19001_011]</attrdef><attalias Sync="TRUE">I50K_59K</attalias><attrtype Sync="TRUE">Integer</attrtype><attwidth Sync="TRUE">10</attwidth><atprecis Sync="TRUE">10</atprecis><attscale Sync="TRUE">0</attscale></attr><attr><attrlabl>I60K_74K</attrlabl><attrdef>Number of Households with Household Income in The Past 12 Months $60,000 to $74,999 (in 2018 Inflation-Adjusted Dollars) - [B19001_012]</attrdef><attalias Sync="TRUE">I60K_74K</attalias><attrtype Sync="TRUE">Integer</attrtype><attwidth Sync="TRUE">10</attwidth><atprecis Sync="TRUE">10</atprecis><attscale Sync="TRUE">0</attscale></attr><attr><attrlabl>I75K_99K</attrlabl><attrdef>Number of Households with Household Income in The Past 12 Months $75,000 to $99,999 (in 2018 Inflation-Adjusted Dollars) - [B19001_013]</attrdef><attalias Sync="TRUE">I75K_99K</attalias><attrtype Sync="TRUE">Integer</attrtype><attwidth Sync="TRUE">10</attwidth><atprecis Sync="TRUE">10</atprecis><attscale Sync="TRUE">0</attscale></attr><attr><attrlabl>I100K_124K</attrlabl><attrdef>Number of Households with Household Income in The Past 12 Months $100,000 to $124,999 (in 2018 Inflation-Adjusted Dollars) - [B19001_014]</attrdef><attalias Sync="TRUE">I100K_124K</attalias><attrtype Sync="TRUE">Integer</attrtype><attwidth Sync="TRUE">10</attwidth><atprecis Sync="TRUE">10</atprecis><attscale Sync="TRUE">0</attscale></attr><attr><attrlabl>I125K_149K</attrlabl><attrdef>Number of Households with Household Income in The Past 12 Months $125,000 to $149,999 (in 2018 Inflation-Adjusted Dollars) - [B19001_015]</attrdef><attalias Sync="TRUE">I125K_149K</attalias><attrtype Sync="TRUE">Integer</attrtype><attwidth Sync="TRUE">10</attwidth><atprecis Sync="TRUE">10</atprecis><attscale Sync="TRUE">0</attscale></attr><attr><attrlabl>I150K_199K</attrlabl><attrdef>Number of Households with Household Income in The Past 12 Months $150,000 to $199,999 (in 2018 Inflation-Adjusted Dollars) - [B19001_016]</attrdef><attalias Sync="TRUE">I150K_199K</attalias><attrtype Sync="TRUE">Integer</attrtype><attwidth Sync="TRUE">10</attwidth><atprecis Sync="TRUE">10</atprecis><attscale Sync="TRUE">0</attscale></attr><attr><attrlabl>I200KMORE</attrlabl><attrdef>Number of Households with Household Income in The Past 12 Months $200,000 or more (in 2018 Inflation-Adjusted Dollars) - [B19001_017]</attrdef><attalias Sync="TRUE">I200KMORE</attalias><attrtype Sync="TRUE">Integer</attrtype><attwidth Sync="TRUE">10</attwidth><atprecis Sync="TRUE">10</atprecis><attscale Sync="TRUE">0</attscale></attr><attr><attrlabl>MEDHHINC</attrlabl><attrdef>Median household income in the past 12 months (in 2018 inflation-adjusted dollars) - [B19013_001]</attrdef><attalias Sync="TRUE">MEDHHINC</attalias><attrtype Sync="TRUE">Integer</attrtype><attwidth Sync="TRUE">10</attwidth><atprecis Sync="TRUE">10</atprecis><attscale Sync="TRUE">0</attscale></attr><attr><attrlabl>MEDFINCOME</attrlabl><attrdef>Median family income in the past 12 months (in 2018 inflation-adjusted dollars) - [B19113_001]</attrdef><attalias Sync="TRUE">MEDFINCOME</attalias><attrtype Sync="TRUE">Integer</attrtype><attwidth Sync="TRUE">10</attwidth><atprecis Sync="TRUE">10</atprecis><attscale Sync="TRUE">0</attscale></attr><attr><attrlabl>HH_NOPUBA</attrlabl><attrdef>Households with No public assistance income - [B19057_003]</attrdef><attalias Sync="TRUE">HH_NOPUBA</attalias><attrtype Sync="TRUE">Integer</attrtype><attwidth Sync="TRUE">10</attwidth><atprecis Sync="TRUE">10</atprecis><attscale Sync="TRUE">0</attscale></attr><attr><attrlabl>HH_PUBA</attrlabl><attrdef>Households with public assistance income - [B19057_002]</attrdef><attalias Sync="TRUE">HH_PUBA</attalias><attrtype Sync="TRUE">Integer</attrtype><attwidth Sync="TRUE">10</attwidth><atprecis Sync="TRUE">10</atprecis><attscale Sync="TRUE">0</attscale></attr><attr><attrlabl>MEDOOHVAL</attrlabl><attrdef>Median value (dollars) Owner-occupied housing units - [B25077_001]</attrdef><attalias Sync="TRUE">MEDOOHVAL</attalias><attrtype Sync="TRUE">Integer</attrtype><attwidth Sync="TRUE">10</attwidth><atprecis Sync="TRUE">10</atprecis><attscale Sync="TRUE">0</attscale></attr><attr><attrlabl>H1ATTACH</attrlabl><attrdef>Housing Units in Structure 1, attached - [B25024_003]</attrdef><attalias Sync="TRUE">H1ATTACH</attalias><attrtype Sync="TRUE">Integer</attrtype><attwidth Sync="TRUE">10</attwidth><atprecis Sync="TRUE">10</atprecis><attscale Sync="TRUE">0</attscale></attr><attr><attrlabl>H1DETACH</attrlabl><attrdef>Housing Units in Structure 1, detached - [B25024_002]</attrdef><attalias Sync="TRUE">H1DETACH</attalias><attrtype Sync="TRUE">Integer</attrtype><attwidth Sync="TRUE">10</attwidth><atprecis Sync="TRUE">10</atprecis><attscale Sync="TRUE">0</attscale></attr><attr><attrlabl>H2UNIT</attrlabl><attrdef>Housing Units in Structure 2 - [B25024_004]</attrdef><attalias Sync="TRUE">H2UNIT</attalias><attrtype Sync="TRUE">Integer</attrtype><attwidth Sync="TRUE">10</attwidth><atprecis Sync="TRUE">10</atprecis><attscale Sync="TRUE">0</attscale></attr><attr><attrlabl>H3_4UNIT</attrlabl><attrdef>Housing Units in Structure 3 or 4 - [B25024_005]</attrdef><attalias Sync="TRUE">H3_4UNIT</attalias><attrtype Sync="TRUE">Integer</attrtype><attwidth Sync="TRUE">10</attwidth><atprecis Sync="TRUE">10</atprecis><attscale Sync="TRUE">0</attscale></attr><attr><attrlabl>H5_9UNIT</attrlabl><attrdef>Housing Units in Structure 5 to 9 - [B25024_006]</attrdef><attalias Sync="TRUE">H5_9UNIT</attalias><attrtype Sync="TRUE">Integer</attrtype><attwidth Sync="TRUE">10</attwidth><atprecis Sync="TRUE">10</atprecis><attscale Sync="TRUE">0</attscale></attr><attr><attrlabl>H10_19UNIT</attrlabl><attrdef>Housing Units in Structure 10 to 19 - [B25024_007]</attrdef><attalias Sync="TRUE">H10_19UNIT</attalias><attrtype Sync="TRUE">Integer</attrtype><attwidth Sync="TRUE">10</attwidth><atprecis Sync="TRUE">10</atprecis><attscale Sync="TRUE">0</attscale></attr><attr><attrlabl>H20_49UNIT</attrlabl><attrdef>Housing Units in Structure 20 to 49 - [B25024_008]</attrdef><attalias Sync="TRUE">H20_49UNIT</attalias><attrtype Sync="TRUE">Integer</attrtype><attwidth Sync="TRUE">10</attwidth><atprecis Sync="TRUE">10</atprecis><attscale Sync="TRUE">0</attscale></attr><attr><attrlabl>H50MORE</attrlabl><attrdef>Housing Units in Structure 50 or more - [B25024_009]</attrdef><attalias Sync="TRUE">H50MORE</attalias><attrtype Sync="TRUE">Integer</attrtype><attwidth Sync="TRUE">10</attwidth><atprecis Sync="TRUE">10</atprecis><attscale Sync="TRUE">0</attscale></attr><attr><attrlabl>MOBILE</attrlabl><attrdef>Housing Units in Structure Mobile home - [B25024_010]</attrdef><attalias Sync="TRUE">MOBILE</attalias><attrtype Sync="TRUE">Integer</attrtype><attwidth Sync="TRUE">10</attwidth><atprecis Sync="TRUE">10</atprecis><attscale Sync="TRUE">0</attscale></attr><attr><attrlabl>OTHERHOUSE</attrlabl><attrdef>Housing Units in Structure Boat, RV, van, etc. - [B25024_011]</attrdef><attalias Sync="TRUE">OTHERHOUSE</attalias><attrtype Sync="TRUE">Integer</attrtype><attwidth Sync="TRUE">10</attwidth><atprecis Sync="TRUE">10</atprecis><attscale Sync="TRUE">0</attscale></attr><attr><attrlabl>H_SF</attrlabl><attrdef>Single Family  - [H1ATTACH]+ [H1DETACH]</attrdef><attalias Sync="TRUE">H_SF</attalias><attrtype Sync="TRUE">Integer</attrtype><attwidth Sync="TRUE">10</attwidth><atprecis Sync="TRUE">10</atprecis><attscale Sync="TRUE">0</attscale></attr><attr><attrlabl>H_MF</attrlabl><attrdef>Mulit Family - [H2UNIT] + [H3_4UNIT] + [H5_9UNIT] + [H10_19UNIT] + [H20_49UNIT] + [H50MORE]</attrdef><attalias Sync="TRUE">H_MF</attalias><attrtype Sync="TRUE">Integer</attrtype><attwidth Sync="TRUE">10</attwidth><atprecis Sync="TRUE">10</atprecis><attscale Sync="TRUE">0</attscale></attr><attr><attrlabl>OWNER</attrlabl><attrdef>Owner occupied housing units - [B25038_002]</attrdef><attalias Sync="TRUE">OWNER</attalias><attrtype Sync="TRUE">Integer</attrtype><attwidth Sync="TRUE">10</attwidth><atprecis Sync="TRUE">10</atprecis><attscale Sync="TRUE">0</attscale></attr><attr><attrlabl>RENTER</attrlabl><attrdef>Renter occupied housing units - [B25038_009]</attrdef><attalias Sync="TRUE">RENTER</attalias><attrtype Sync="TRUE">Integer</attrtype><attwidth Sync="TRUE">10</attwidth><atprecis Sync="TRUE">10</atprecis><attscale Sync="TRUE">0</attscale></attr><attr><attrlabl>OWN_17</attrlabl><attrdef>Owner occupied housing units Moved in 2017 or later - [B25038_003]</attrdef><attalias Sync="TRUE">OWN_17</attalias><attrtype Sync="TRUE">Integer</attrtype><attwidth Sync="TRUE">10</attwidth><atprecis Sync="TRUE">10</atprecis><attscale Sync="TRUE">0</attscale></attr><attr><attrlabl>RENT_17</attrlabl><attrdef>Renter occupied housing units Moved in 2017 or later - [B25038_010]</attrdef><attalias Sync="TRUE">RENT_17</attalias><attrtype Sync="TRUE">Integer</attrtype><attwidth Sync="TRUE">10</attwidth><atprecis Sync="TRUE">10</atprecis><attscale Sync="TRUE">0</attscale></attr><attr><attrlabl>B14</attrlabl><attrdef>Housing Units Built 2014 or later - [B25034_002]</attrdef><attalias Sync="TRUE">B14</attalias><attrtype Sync="TRUE">Integer</attrtype><attwidth Sync="TRUE">10</attwidth><atprecis Sync="TRUE">10</atprecis><attscale Sync="TRUE">0</attscale></attr><attr><attrlabl>B10_13</attrlabl><attrdef>Housing Units Built 2010 to 2013 - [B25034_003]</attrdef><attalias Sync="TRUE">B10_13</attalias><attrtype Sync="TRUE">Integer</attrtype><attwidth Sync="TRUE">10</attwidth><atprecis Sync="TRUE">10</atprecis><attscale Sync="TRUE">0</attscale></attr><attr><attrlabl>B00_09</attrlabl><attrdef>Housing Units Built 2000 to 2009 - [B25034_004]</attrdef><attalias Sync="TRUE">B00_09</attalias><attrtype Sync="TRUE">Integer</attrtype><attwidth Sync="TRUE">10</attwidth><atprecis Sync="TRUE">10</atprecis><attscale Sync="TRUE">0</attscale></attr><attr><attrlabl>B90_99</attrlabl><attrdef>Housing Units Built 1990 to 1999 - [B25034_005]</attrdef><attalias Sync="TRUE">B90_99</attalias><attrtype Sync="TRUE">Integer</attrtype><attwidth Sync="TRUE">10</attwidth><atprecis Sync="TRUE">10</atprecis><attscale Sync="TRUE">0</attscale></attr><attr><attrlabl>B80_89</attrlabl><attrdef>Housing Units Built 1980 to 1989 - [B25034_006]</attrdef><attalias Sync="TRUE">B80_89</attalias><attrtype Sync="TRUE">Integer</attrtype><attwidth Sync="TRUE">10</attwidth><atprecis Sync="TRUE">10</atprecis><attscale Sync="TRUE">0</attscale></attr><attr><attrlabl>B70_79</attrlabl><attrdef>Housing Units Built 1970 to 1979 - [B25034_007]</attrdef><attalias Sync="TRUE">B70_79</attalias><attrtype Sync="TRUE">Integer</attrtype><attwidth Sync="TRUE">10</attwidth><atprecis Sync="TRUE">10</atprecis><attscale Sync="TRUE">0</attscale></attr><attr><attrlabl>B60_69</attrlabl><attrdef>Housing Units Built 1960 to 1969 - [B25034_008]</attrdef><attalias Sync="TRUE">B60_69</attalias><attrtype Sync="TRUE">Integer</attrtype><attwidth Sync="TRUE">10</attwidth><atprecis Sync="TRUE">10</atprecis><attscale Sync="TRUE">0</attscale></attr><attr><attrlabl>B50_59</attrlabl><attrdef>Housing Units Built 1950 to 1959 - [B25034_009]</attrdef><attalias Sync="TRUE">B50_59</attalias><attrtype Sync="TRUE">Integer</attrtype><attwidth Sync="TRUE">10</attwidth><atprecis Sync="TRUE">10</atprecis><attscale Sync="TRUE">0</attscale></attr><attr><attrlabl>B40_49</attrlabl><attrdef>Housing Units Built 1940 to 1949 - [B25034_010]</attrdef><attalias Sync="TRUE">B40_49</attalias><attrtype Sync="TRUE">Integer</attrtype><attwidth Sync="TRUE">10</attwidth><atprecis Sync="TRUE">10</atprecis><attscale Sync="TRUE">0</attscale></attr><attr><attrlabl>BEFORE39</attrlabl><attrdef>Housing Units Built 1939 or earlier - [B25034_011]</attrdef><attalias Sync="TRUE">BEFORE39</attalias><attrtype Sync="TRUE">Integer</attrtype><attwidth Sync="TRUE">10</attwidth><atprecis Sync="TRUE">10</atprecis><attscale Sync="TRUE">0</attscale></attr><attr><attrlabl>M17</attrlabl><attrdef>Occupied housing units moved in 2017 or later - [B25038_003] + [B25038_010]</attrdef><attalias Sync="TRUE">M17</attalias><attrtype Sync="TRUE">Integer</attrtype><attwidth Sync="TRUE">10</attwidth><atprecis Sync="TRUE">10</atprecis><attscale Sync="TRUE">0</attscale></attr><attr><attrlabl>M15_16</attrlabl><attrdef>Occupied housing units Moved in 2015 to 2016 - [B25038_004] + [B25038_011]</attrdef><attalias Sync="TRUE">M15_16</attalias><attrtype Sync="TRUE">Integer</attrtype><attwidth Sync="TRUE">10</attwidth><atprecis Sync="TRUE">10</atprecis><attscale Sync="TRUE">0</attscale></attr><attr><attrlabl>M10_14</attrlabl><attrdef>Occupied housing units Moved in 2010 to 2014 - [B25038_005] + [B25038_012]</attrdef><attalias Sync="TRUE">M10_14</attalias><attrtype Sync="TRUE">Integer</attrtype><attwidth Sync="TRUE">10</attwidth><atprecis Sync="TRUE">10</atprecis><attscale Sync="TRUE">0</attscale></attr><attr><attrlabl>M00_09</attrlabl><attrdef>Occupied housing units Moved in 2000 to 2009 - [B25038_006] + [B25038_013]</attrdef><attalias Sync="TRUE">M00_09</attalias><attrtype Sync="TRUE">Integer</attrtype><attwidth Sync="TRUE">10</attwidth><atprecis Sync="TRUE">10</atprecis><attscale Sync="TRUE">0</attscale></attr><attr><attrlabl>M90_99</attrlabl><attrdef>Occupied housing units Moved in 1990 to 1999 - [B25038_007] + [B25038_014]</attrdef><attalias Sync="TRUE">M90_99</attalias><attrtype Sync="TRUE">Integer</attrtype><attwidth Sync="TRUE">10</attwidth><atprecis Sync="TRUE">10</atprecis><attscale Sync="TRUE">0</attscale></attr><attr><attrlabl>M89BEFORE</attrlabl><attrdef>Occupied housing units Moved in 1989 or earlier - [B25038_008] + [B25038_015]</attrdef><attalias Sync="TRUE">M89BEFORE</attalias><attrtype Sync="TRUE">Integer</attrtype><attwidth Sync="TRUE">10</attwidth><atprecis Sync="TRUE">10</atprecis><attscale Sync="TRUE">0</attscale></attr><attr><attrlabl>MO_17</attrlabl><attrdef>Owner Occupied housing units moved in 2017 or later - [B25038_003]</attrdef><attalias Sync="TRUE">MO_17</attalias><attrtype Sync="TRUE">Integer</attrtype><attwidth Sync="TRUE">10</attwidth><atprecis Sync="TRUE">10</atprecis><attscale Sync="TRUE">0</attscale></attr><attr><attrlabl>MO_15_16</attrlabl><attrdef>Owner Occupied housing units Moved in 2015 to 2016 - [B25038_004]</attrdef><attalias Sync="TRUE">MO_15_16</attalias><attrtype Sync="TRUE">Integer</attrtype><attwidth Sync="TRUE">10</attwidth><atprecis Sync="TRUE">10</atprecis><attscale Sync="TRUE">0</attscale></attr><attr><attrlabl>MO_10_14</attrlabl><attrdef>Owner Occupied housing units Moved in 2010 to 2014 - [B25038_005]</attrdef><attalias Sync="TRUE">MO_10_14</attalias><attrtype Sync="TRUE">Integer</attrtype><attwidth Sync="TRUE">10</attwidth><atprecis Sync="TRUE">10</atprecis><attscale Sync="TRUE">0</attscale></attr><attr><attrlabl>MO_00_09</attrlabl><attrdef>Owner Occupied housing units Moved in 2000 to 2009 - [B25038_006]</attrdef><attalias Sync="TRUE">MO_00_09</attalias><attrtype Sync="TRUE">Integer</attrtype><attwidth Sync="TRUE">10</attwidth><atprecis Sync="TRUE">10</atprecis><attscale Sync="TRUE">0</attscale></attr><attr><attrlabl>MO_90_99</attrlabl><attrdef>Owner Occupied housing units Moved in 1990 to 1999 - [B25038_007]</attrdef><attalias Sync="TRUE">MO_90_99</attalias><attrtype Sync="TRUE">Integer</attrtype><attwidth Sync="TRUE">10</attwidth><atprecis Sync="TRUE">10</atprecis><attscale Sync="TRUE">0</attscale></attr><attr><attrlabl>MO89BEFORE</attrlabl><attrdef>Owner Occupied housing units Moved in 1989 or earlier - [B25038_008]</attrdef><attalias Sync="TRUE">MO89BEFORE</attalias><attrtype Sync="TRUE">Integer</attrtype><attwidth Sync="TRUE">10</attwidth><atprecis Sync="TRUE">10</atprecis><attscale Sync="TRUE">0</attscale></attr><attr><attrlabl>MR_17</attrlabl><attrdef>Renter Occupied housing units moved in 2017 or later - [B25038_010]</attrdef><attalias Sync="TRUE">MR_17</attalias><attrtype Sync="TRUE">Integer</attrtype><attwidth Sync="TRUE">10</attwidth><atprecis Sync="TRUE">10</atprecis><attscale Sync="TRUE">0</attscale></attr><attr><attrlabl>MR_15_16</attrlabl><attrdef>Renter Occupied housing units Moved in 2015 to 2016 - [B25038_011]</attrdef><attalias Sync="TRUE">MR_15_16</attalias><attrtype Sync="TRUE">Integer</attrtype><attwidth Sync="TRUE">10</attwidth><atprecis Sync="TRUE">10</atprecis><attscale Sync="TRUE">0</attscale></attr><attr><attrlabl>MR_10_14</attrlabl><attrdef>Renter Occupied housing units Moved in 2010 to 2014 - [B25038_012]</attrdef><attalias Sync="TRUE">MR_10_14</attalias><attrtype Sync="TRUE">Integer</attrtype><attwidth Sync="TRUE">10</attwidth><atprecis Sync="TRUE">10</atprecis><attscale Sync="TRUE">0</attscale></attr><attr><attrlabl>MR_00_09</attrlabl><attrdef>Renter Occupied housing units Moved in 2000 to 2009 - [B25038_013]</attrdef><attalias Sync="TRUE">MR_00_09</attalias><attrtype Sync="TRUE">Integer</attrtype><attwidth Sync="TRUE">10</attwidth><atprecis Sync="TRUE">10</atprecis><attscale Sync="TRUE">0</attscale></attr><attr><attrlabl>MR_90_99</attrlabl><attrdef>Renter Occupied housing units Moved in 1990 to 1999 - [B25038_014]</attrdef><attalias Sync="TRUE">MR_90_99</attalias><attrtype Sync="TRUE">Integer</attrtype><attwidth Sync="TRUE">10</attwidth><atprecis Sync="TRUE">10</atprecis><attscale Sync="TRUE">0</attscale></attr><attr><attrlabl>MR89BEFORE</attrlabl><attrdef>Renter Occupied housing units Moved in 1989 or earlier - [B25038_015]</attrdef><attalias Sync="TRUE">MR89BEFORE</attalias><attrtype Sync="TRUE">Integer</attrtype><attwidth Sync="TRUE">10</attwidth><atprecis Sync="TRUE">10</atprecis><attscale Sync="TRUE">0</attscale></attr><attr><attrlabl>MYTOTAL</attrlabl><attrdef>Median year householder moved into unit - Occupied Housing Units Total - [B25039_001]</attrdef><attalias Sync="TRUE">MYTOTAL</attalias><attrtype Sync="TRUE">Integer</attrtype><attwidth Sync="TRUE">10</attwidth><atprecis Sync="TRUE">10</atprecis><attscale Sync="TRUE">0</attscale></attr><attr><attrlabl>MYOWNER</attrlabl><attrdef>Median year householder moved into unit - Occupied Housing Units Owner - [B25039_002]</attrdef><attalias Sync="TRUE">MYOWNER</attalias><attrtype Sync="TRUE">Integer</attrtype><attwidth Sync="TRUE">10</attwidth><atprecis Sync="TRUE">10</atprecis><attscale Sync="TRUE">0</attscale></attr><attr><attrlabl>MYRENTER</attrlabl><attrdef>Median year householder moved into unit - Occupied Housing Units Renter - [B25039_003]</attrdef><attalias Sync="TRUE">MYRENTER</attalias><attrtype Sync="TRUE">Integer</attrtype><attwidth Sync="TRUE">10</attwidth><atprecis Sync="TRUE">10</atprecis><attscale Sync="TRUE">0</attscale></attr><attr><attrlabl>VEHICLE_0</attrlabl><attrdef>Occupied Housing Units with No vehicle available - [B25044_003] + [B25044_010]</attrdef><attalias Sync="TRUE">VEHICLE_0</attalias><attrtype Sync="TRUE">Integer</attrtype><attwidth Sync="TRUE">10</attwidth><atprecis Sync="TRUE">10</atprecis><attscale Sync="TRUE">0</attscale></attr><attr><attrlabl>VEHICLE_1</attrlabl><attrdef>Occupied Housing Units with 1 vehicle available - [B25044_004] + [B25044_011]</attrdef><attalias Sync="TRUE">VEHICLE_1</attalias><attrtype Sync="TRUE">Integer</attrtype><attwidth Sync="TRUE">10</attwidth><atprecis Sync="TRUE">10</atprecis><attscale Sync="TRUE">0</attscale></attr><attr><attrlabl>VEHICLE_2</attrlabl><attrdef>Occupied Housing Units with 2 vehicles available - [B25044_005] + [B25044_012]</attrdef><attalias Sync="TRUE">VEHICLE_2</attalias><attrtype Sync="TRUE">Integer</attrtype><attwidth Sync="TRUE">10</attwidth><atprecis Sync="TRUE">10</atprecis><attscale Sync="TRUE">0</attscale></attr><attr><attrlabl>VEHICLE_3</attrlabl><attrdef>Occupied Housing Units with 3 vehicles available  - [B25044_006] + [B25044_013]</attrdef><attalias Sync="TRUE">VEHICLE_3</attalias><attrtype Sync="TRUE">Integer</attrtype><attwidth Sync="TRUE">10</attwidth><atprecis Sync="TRUE">10</atprecis><attscale Sync="TRUE">0</attscale></attr><attr><attrlabl>VEHICLE_4</attrlabl><attrdef>Occupied Housing Units with 4 vehicles available - [B25044_007] + [B25044_014]</attrdef><attalias Sync="TRUE">VEHICLE_4</attalias><attrtype Sync="TRUE">Integer</attrtype><attwidth Sync="TRUE">10</attwidth><atprecis Sync="TRUE">10</atprecis><attscale Sync="TRUE">0</attscale></attr><attr><attrlabl>VEHICLE5G</attrlabl><attrdef>Occupied Housing Units with 5 or more vehicles available - [B25044_008] + [B25044_015]</attrdef><attalias Sync="TRUE">VEHICLE5G</attalias><attrtype Sync="TRUE">Integer</attrtype><attwidth Sync="TRUE">10</attwidth><atprecis Sync="TRUE">10</atprecis><attscale Sync="TRUE">0</attscale></attr><attr><attrlabl>S_TOTAL</attrlabl><attrdef>Ability to Speak English for the Population 5+ Yrs Total - [B16004_001]</attrdef><attalias Sync="TRUE">S_TOTAL</attalias><attrtype Sync="TRUE">Integer</attrtype><attwidth Sync="TRUE">10</attwidth><atprecis Sync="TRUE">10</atprecis><attscale Sync="TRUE">0</attscale></attr><attr><attrlabl>S_VERYWELL</attrlabl><attrdef>Ability to Speak English for the Population 5+ Yrs Speak English 'very well' - [B16004_005] + [B16004_010] + [B16004_015] + [B16004_020] + [B16004_027] + [B16004_032] + [B16004_037] + [B16004_042] + [B16004_049] + [B16004_054] + [B16004_059] + [B16004_064]</attrdef><attalias Sync="TRUE">S_VERYWELL</attalias><attrtype Sync="TRUE">Integer</attrtype><attwidth Sync="TRUE">10</attwidth><atprecis Sync="TRUE">10</atprecis><attscale Sync="TRUE">0</attscale></attr><attr><attrlabl>S_WELL</attrlabl><attrdef>Ability to Speak English for the Population 5+ Yrs Speak English 'well' - [B16004_006] + [B16004_011] + [B16004_016] + [B16004_021] + [B16004_028] + [B16004_033] + [B16004_038] + [B16004_043] + [B16004_050] + [B16004_055] + [B16004_060] + [B16004_065]</attrdef><attalias Sync="TRUE">S_WELL</attalias><attrtype Sync="TRUE">Integer</attrtype><attwidth Sync="TRUE">10</attwidth><atprecis Sync="TRUE">10</atprecis><attscale Sync="TRUE">0</attscale></attr><attr><attrlabl>S_NOTWELL</attrlabl><attrdef>Ability to Speak English for the Population 5+ Yrs Speak English 'not well' - [B16004_007] + [B16004_012] + [B16004_017] + [B16004_022] + [B16004_029] + [B16004_034] + [B16004_039] + [B16004_044] + [B16004_051] + [B16004_056] + [B16004_061] + [B16004_066]</attrdef><attalias Sync="TRUE">S_NOTWELL</attalias><attrtype Sync="TRUE">Integer</attrtype><attwidth Sync="TRUE">10</attwidth><atprecis Sync="TRUE">10</atprecis><attscale Sync="TRUE">0</attscale></attr><attr><attrlabl>S_NOTATALL</attrlabl><attrdef>Ability to Speak English for the Population 5+ Yrs Speak English 'not at all' - [B16004_008] + [B16004_013] + [B16004_018] + [B16004_023] + [B16004_030] + [B16004_035] + [B16004_040] + [B16004_045] + [B16004_052] + [B16004_057] + [B16004_062] + [B16004_067]</attrdef><attalias Sync="TRUE">S_NOTATALL</attalias><attrtype Sync="TRUE">Integer</attrtype><attwidth Sync="TRUE">10</attwidth><atprecis Sync="TRUE">10</atprecis><attscale Sync="TRUE">0</attscale></attr><attr><attrlabl>S_ENGLISH</attrlabl><attrdef>Ability to Speak English for the Population 5+ Yrs Speak only English - [B16004_003] + [B16004_025] + [B16004_047]</attrdef><attalias Sync="TRUE">S_ENGLISH</attalias><attrtype Sync="TRUE">Integer</attrtype><attwidth Sync="TRUE">10</attwidth><atprecis Sync="TRUE">10</atprecis><attscale Sync="TRUE">0</attscale></attr><attr><attrlabl>S_SPANISH</attrlabl><attrdef>Ability to Speak English for the Population 5+ Yrs Speak Spanish - [B16004_004] + [B16004_026] + [B16004_048]</attrdef><attalias Sync="TRUE">S_SPANISH</attalias><attrtype Sync="TRUE">Integer</attrtype><attwidth Sync="TRUE">10</attwidth><atprecis Sync="TRUE">10</atprecis><attscale Sync="TRUE">0</attscale></attr><attr><attrlabl>S_EUROPE</attrlabl><attrdef>Ability to Speak English for the Population 5+ Yrs Speak other Indo-European languages - [B16004_009] + [B16004_031] + [B16004_053]</attrdef><attalias Sync="TRUE">S_EUROPE</attalias><attrtype Sync="TRUE">Integer</attrtype><attwidth Sync="TRUE">10</attwidth><atprecis Sync="TRUE">10</atprecis><attscale Sync="TRUE">0</attscale></attr><attr><attrlabl>S_ASIAN</attrlabl><attrdef>Ability to Speak English for the Population 5+ Yrs Speak Asian and Pacific Island languages - [B16004_014] + [B16004_036] + [B16004_058]</attrdef><attalias Sync="TRUE">S_ASIAN</attalias><attrtype Sync="TRUE">Integer</attrtype><attwidth Sync="TRUE">10</attwidth><atprecis Sync="TRUE">10</atprecis><attscale Sync="TRUE">0</attscale></attr><attr><attrlabl>S_OTHER</attrlabl><attrdef>Ability to Speak English for the Population 5+ Yrs Speak other languages - [B16004_019] + [B16004_041] + [B16004_063]</attrdef><attalias Sync="TRUE">S_OTHER</attalias><attrtype Sync="TRUE">Integer</attrtype><attwidth Sync="TRUE">10</attwidth><atprecis Sync="TRUE">10</atprecis><attscale Sync="TRUE">0</attscale></attr><attr><attrlabl>HL_TOTAL</attrlabl><attrdef>Total Households by Household Language by Household Limited English Speaking Status  - [C16002_001]</attrdef><attalias Sync="TRUE">HL_TOTAL</attalias><attrtype Sync="TRUE">Integer</attrtype><attwidth Sync="TRUE">10</attwidth><atprecis Sync="TRUE">10</atprecis><attscale Sync="TRUE">0</attscale></attr><attr><attrlabl>HL_ENGLISH</attrlabl><attrdef>Households that speak English. This includes households that are English only, or that speak other languages but are not a limited English speaking household. - [C16002_002] + [C16002_005]+ [C16002_008]+ [C16002_011]+ [C16002_014]</attrdef><attalias Sync="TRUE">HL_ENGLISH</attalias><attrtype Sync="TRUE">Integer</attrtype><attwidth Sync="TRUE">10</attwidth><atprecis Sync="TRUE">10</atprecis><attscale Sync="TRUE">0</attscale></attr><attr><attrlabl>HL_SPAN_L</attrlabl><attrdef>Households that speak Spanish: Limited English speaking household - [C16002_004]</attrdef><attalias Sync="TRUE">HL_SPAN_L</attalias><attrtype Sync="TRUE">Integer</attrtype><attwidth Sync="TRUE">10</attwidth><atprecis Sync="TRUE">10</atprecis><attscale Sync="TRUE">0</attscale></attr><attr><attrlabl>HL_EURO_L</attrlabl><attrdef>Households that speak Other Indo-European languages: Limited English speaking household - [C16002_007]</attrdef><attalias Sync="TRUE">HL_EURO_L</attalias><attrtype Sync="TRUE">Integer</attrtype><attwidth Sync="TRUE">10</attwidth><atprecis Sync="TRUE">10</atprecis><attscale Sync="TRUE">0</attscale></attr><attr><attrlabl>HL_ASIAN_L</attrlabl><attrdef>Households that speak Asian and Pacific Island languages: Limited English speaking household - [C16002_010]</attrdef><attalias Sync="TRUE">HL_ASIAN_L</attalias><attrtype Sync="TRUE">Integer</attrtype><attwidth Sync="TRUE">10</attwidth><atprecis Sync="TRUE">10</atprecis><attscale Sync="TRUE">0</attscale></attr><attr><attrlabl>HL_OTHER_L</attrlabl><attrdef>Households that speak Other languages: Limited English speaking household - [C16002_013]</attrdef><attalias Sync="TRUE">HL_OTHER_L</attalias><attrtype Sync="TRUE">Integer</attrtype><attwidth Sync="TRUE">10</attwidth><atprecis Sync="TRUE">10</atprecis><attscale Sync="TRUE">0</attscale></attr><attr><attrlabl>LABOR_CIV</attrlabl><attrdef>Civilian Employed Population 16 Years And Over Total - [C24010_001]</attrdef><attalias Sync="TRUE">LABOR_CIV</attalias><attrtype Sync="TRUE">Integer</attrtype><attwidth Sync="TRUE">10</attwidth><atprecis Sync="TRUE">10</atprecis><attscale Sync="TRUE">0</attscale></attr><attr><attrlabl>RTOTAL</attrlabl><attrdef>Ratio of Income to Poverty Level in the Past 12 Months. Total population for whom Poverty Status is Determined - [C17002_001]</attrdef><attalias Sync="TRUE">RTOTAL</attalias><attrtype Sync="TRUE">Integer</attrtype><attwidth Sync="TRUE">10</attwidth><atprecis Sync="TRUE">10</atprecis><attscale Sync="TRUE">0</attscale></attr><attr><attrlabl>RU50</attrlabl><attrdef>Ratio of Income to Poverty Level in the Past 12 Months Under .50 - [C17002_002]</attrdef><attalias Sync="TRUE">RU50</attalias><attrtype Sync="TRUE">Integer</attrtype><attwidth Sync="TRUE">10</attwidth><atprecis Sync="TRUE">10</atprecis><attscale Sync="TRUE">0</attscale></attr><attr><attrlabl>R50_99</attrlabl><attrdef>Ratio of Income to Poverty Level in the Past 12 Months .50 to .99 - [C17002_003]</attrdef><attalias Sync="TRUE">R50_99</attalias><attrtype Sync="TRUE">Integer</attrtype><attwidth Sync="TRUE">10</attwidth><atprecis Sync="TRUE">10</atprecis><attscale Sync="TRUE">0</attscale></attr><attr><attrlabl>R1_124</attrlabl><attrdef>Ratio of Income to Poverty Level in the Past 12 Months 1.00 to 1.24 - [C17002_004]</attrdef><attalias Sync="TRUE">R1_124</attalias><attrtype Sync="TRUE">Integer</attrtype><attwidth Sync="TRUE">10</attwidth><atprecis Sync="TRUE">10</atprecis><attscale Sync="TRUE">0</attscale></attr><attr><attrlabl>R125ABV</attrlabl><attrdef>Ratio of Income to Poverty Level in the Past 12 Months 1.25 and over - [C17002_005] + [C17002_006] + [C17002_007] + [C17002_008]</attrdef><attalias Sync="TRUE">R125ABV</attalias><attrtype Sync="TRUE">Integer</attrtype><attwidth Sync="TRUE">10</attwidth><atprecis Sync="TRUE">10</atprecis><attscale Sync="TRUE">0</attscale></attr><attr><attrlabl>RU1</attrlabl><attrdef>Ratio of Income to Poverty Level in the Past 12 Months under 1 - [RU50] + [R50_99]</attrdef><attalias Sync="TRUE">RU1</attalias><attrtype Sync="TRUE">Integer</attrtype><attwidth Sync="TRUE">10</attwidth><atprecis Sync="TRUE">10</atprecis><attscale Sync="TRUE">0</attscale></attr><attr><attrlabl>DIS_TOTAL</attrlabl><attrdef>Population by Poverty Status in the Past 12 Months by Disability Status by Employment Status for the Population 20 to 64 Years Total - [B23024_001]</attrdef><attalias Sync="TRUE">DIS_TOTAL</attalias><attrtype Sync="TRUE">Integer</attrtype><attwidth Sync="TRUE">10</attwidth><atprecis Sync="TRUE">10</atprecis><attscale Sync="TRUE">0</attscale></attr><attr><attrlabl>DIS_2064</attrlabl><attrdef>Population 20 to 64 Years with Income in the past 12 months below and above poverty level with a disability - [B23024_003] + [B23024_018]</attrdef><attalias Sync="TRUE">DIS_2064</attalias><attrtype Sync="TRUE">Integer</attrtype><attwidth Sync="TRUE">10</attwidth><atprecis Sync="TRUE">10</atprecis><attscale Sync="TRUE">0</attscale></attr><attr><attrlabl>NO_DIS2064</attrlabl><attrdef>Population 20 to 64 Years with Income in the past 12 months below and above poverty level with No disability - [B23024_010] + [B23024_025]</attrdef><attalias Sync="TRUE">NO_DIS2064</attalias><attrtype Sync="TRUE">Integer</attrtype><attwidth Sync="TRUE">10</attwidth><atprecis Sync="TRUE">10</atprecis><attscale Sync="TRUE">0</attscale></attr><attr><attrlabl>GMTOT</attrlabl><attrdef>Geographical Mobility in the Past Year for Current Residence Population 1 Year And Over Living in and out of Metropolitan Statistical Areas or Micropolitan Statistical Areas In The United States: Total - [B07201_001] + [B07202_001] + [B07203_001]</attrdef><attalias Sync="TRUE">GMTOT</attalias><attrtype Sync="TRUE">Integer</attrtype><attwidth Sync="TRUE">10</attwidth><atprecis Sync="TRUE">10</atprecis><attscale Sync="TRUE">0</attscale></attr><attr><attrlabl>GMSAME</attrlabl><attrdef>Geographical Mobility in the Past Year for Current Residence Population 1 Year And Over Living in and out of Metropolitan Statistical Areas or Micropolitan Statistical Areas In The United States: Same house 1 year ago - [B07201_002] + [B07202_002] + [B07203_002]</attrdef><attalias Sync="TRUE">GMSAME</attalias><attrtype Sync="TRUE">Integer</attrtype><attwidth Sync="TRUE">10</attwidth><atprecis Sync="TRUE">10</atprecis><attscale Sync="TRUE">0</attscale></attr><attr><attrlabl>GMDIFF</attrlabl><attrdef>Geographical Mobility in the Past Year for Current Residence Population 1 Year And Over Living in and out of Metropolitan Statistical Areas or Micropolitan Statistical Areas In The United States: Different house in United States 1 year ago - [B07201_003] + [B07202_003] + [B07203_003]</attrdef><attalias Sync="TRUE">GMDIFF</attalias><attrtype Sync="TRUE">Integer</attrtype><attwidth Sync="TRUE">10</attwidth><atprecis Sync="TRUE">10</atprecis><attscale Sync="TRUE">0</attscale></attr><attr><attrlabl>GMABROAD</attrlabl><attrdef>Geographical Mobility in the Past Year for Current Residence Population 1 Year And Over Living in and out of Metropolitan Statistical Areas or Micropolitan Statistical Areas In The United States: Abroad 1 year ago - [B07201_014] + [B07202_014] + [B07203_011]</attrdef><attalias Sync="TRUE">GMABROAD</attalias><attrtype Sync="TRUE">Integer</attrtype><attwidth Sync="TRUE">10</attwidth><atprecis Sync="TRUE">10</atprecis><attscale Sync="TRUE">0</attscale></attr><attr><attrlabl>PCT_NOTWEL</attrlabl><attrdef>Percent Ability to Speak English for the Population 5+ Yrs Speak English 'not well' - ([S_NOTWELL]/[S_TOTAL] * 100)</attrdef><attalias Sync="TRUE">PCT_NOTWEL</attalias><attrtype Sync="TRUE">Double</attrtype><attwidth Sync="TRUE">19</attwidth><atprecis Sync="TRUE">18</atprecis><attscale Sync="TRUE">8</attscale></attr><attr><attrlabl>PCT_NOTATA</attrlabl><attrdef>Percent Ability to Speak English for the Population 5+ Yrs Speak English 'not at all' - ([S_NOTATALL]/[S_TOTAL] * 100)</attrdef><attalias Sync="TRUE">PCT_NOTATA</attalias><attrtype Sync="TRUE">Double</attrtype><attwidth Sync="TRUE">19</attwidth><atprecis Sync="TRUE">18</atprecis><attscale Sync="TRUE">8</attscale></attr><attr><attrlabl Sync="TRUE">DEN_NOTWEL</attrlabl><attalias Sync="TRUE">DEN_NOTWEL</attalias><attrtype Sync="TRUE">Double</attrtype><attwidth Sync="TRUE">19</attwidth><atprecis Sync="TRUE">18</atprecis><attscale Sync="TRUE">8</attscale></attr><attr><attrlabl Sync="TRUE">DEN_NOTATA</attrlabl><attalias Sync="TRUE">DEN_NOTATA</attalias><attrtype Sync="TRUE">Double</attrtype><attwidth Sync="TRUE">19</attwidth><atprecis Sync="TRUE">18</atprecis><attscale Sync="TRUE">8</attscale></attr><attr><attrlabl>PCT_BACHLR</attrlabl><attrdef>Percent Educational Attainment for the Population 25 Years and over Bachelor's degree only - ([BACHELORS]/[TOTALPOP] * 100)</attrdef><attalias Sync="TRUE">PCT_BACHLR</attalias><attrtype Sync="TRUE">Double</attrtype><attwidth Sync="TRUE">19</attwidth><atprecis Sync="TRUE">18</atprecis><attscale Sync="TRUE">8</attscale></attr><attr><attrlabl>PCT_POV</attrlabl><attrdef>Percent Population with income in the past 12 months below poverty level - ([BELOW_POV]/[ABVE_BELW] * 100)</attrdef><attalias Sync="TRUE">PCT_POV</attalias><attrtype Sync="TRUE">Double</attrtype><attwidth Sync="TRUE">19</attwidth><atprecis Sync="TRUE">18</atprecis><attscale Sync="TRUE">8</attscale></attr><attr><attrlabl>PCT_RU50</attrlabl><attrdef>Percent Ratio of Income to Poverty Level in the Past 12 Months Under .50 - ([RU50]/[RTOTAL] * 100)</attrdef><attalias Sync="TRUE">PCT_RU50</attalias><attrtype Sync="TRUE">Double</attrtype><attwidth Sync="TRUE">19</attwidth><atprecis Sync="TRUE">18</atprecis><attscale Sync="TRUE">8</attscale></attr><attr><attrlabl>PCT_R50_9</attrlabl><attrdef>RPercent atio of Income to Poverty Level in the Past 12 Months .50 to .99 - ([R50_99]/[RTOTAL] * 100)</attrdef><attalias Sync="TRUE">PCT_R50_9</attalias><attrtype Sync="TRUE">Double</attrtype><attwidth Sync="TRUE">19</attwidth><atprecis Sync="TRUE">18</atprecis><attscale Sync="TRUE">8</attscale></attr><attr><attrlabl>PCT_R125AB</attrlabl><attrdef>Percent Ratio of Income to Poverty Level in the Past 12 Months 1.25 and over - ([R125ABV]/[RTOTAL] * 100)</attrdef><attalias Sync="TRUE">PCT_R125AB</attalias><attrtype Sync="TRUE">Double</attrtype><attwidth Sync="TRUE">19</attwidth><atprecis Sync="TRUE">18</atprecis><attscale Sync="TRUE">8</attscale></attr><attr><attrlabl>PCT_RU1</attrlabl><attrdef>Percent Ratio of Income to Poverty Level in the Past 12 Months under 1 - ([RU1]/[RTOTAL] * 100)</attrdef><attalias Sync="TRUE">PCT_RU1</attalias><attrtype Sync="TRUE">Double</attrtype><attwidth Sync="TRUE">19</attwidth><atprecis Sync="TRUE">18</atprecis><attscale Sync="TRUE">8</attscale></attr><attr><attrlabl>DEN_POP</attrlabl><attrdef>Population per acre - [TOTALPOP]/[ACRES]</attrdef><attalias Sync="TRUE">DEN_POP</attalias><attrtype Sync="TRUE">Double</attrtype><attwidth Sync="TRUE">19</attwidth><atprecis Sync="TRUE">18</atprecis><attscale Sync="TRUE">8</attscale></attr><attr><attrlabl>MINORITY</attrlabl><attrdef>"Minority Population" is the population that lists their racial status as a race other than white alone and-or lists their ethnicity as Hispanic or Latino. That is, all people other than non-Hispanic white-alone individuals. The word "alone" in this case indicates that the person is of a single race, not multiracial - [TOTALPOP] - [WHITE_NH]  - [TOTALPOP] - [WHITE_NH]</attrdef><attalias Sync="TRUE">MINORITY</attalias><attrtype Sync="TRUE">Integer</attrtype><attwidth Sync="TRUE">10</attwidth><atprecis Sync="TRUE">10</atprecis><attscale Sync="TRUE">0</attscale></attr><attr><attrlabl Sync="TRUE">DEN_WHITE</attrlabl><attalias Sync="TRUE">DEN_WHITE</attalias><attrtype Sync="TRUE">Double</attrtype><attwidth Sync="TRUE">19</attwidth><atprecis Sync="TRUE">18</atprecis><attscale Sync="TRUE">8</attscale></attr><attr><attrlabl Sync="TRUE">DEN_BLACK</attrlabl><attalias Sync="TRUE">DEN_BLACK</attalias><attrtype Sync="TRUE">Double</attrtype><attwidth Sync="TRUE">19</attwidth><atprecis Sync="TRUE">18</atprecis><attscale Sync="TRUE">8</attscale></attr><attr><attrlabl Sync="TRUE">DEN_AMERI</attrlabl><attalias Sync="TRUE">DEN_AMERI</attalias><attrtype Sync="TRUE">Double</attrtype><attwidth Sync="TRUE">19</attwidth><atprecis Sync="TRUE">18</atprecis><attscale Sync="TRUE">8</attscale></attr><attr><attrlabl Sync="TRUE">DEN_ASIAN</attrlabl><attalias Sync="TRUE">DEN_ASIAN</attalias><attrtype Sync="TRUE">Double</attrtype><attwidth Sync="TRUE">19</attwidth><atprecis Sync="TRUE">18</atprecis><attscale Sync="TRUE">8</attscale></attr><attr><attrlabl Sync="TRUE">DEN_HAWN</attrlabl><attalias Sync="TRUE">DEN_HAWN</attalias><attrtype Sync="TRUE">Double</attrtype><attwidth Sync="TRUE">19</attwidth><atprecis Sync="TRUE">18</atprecis><attscale Sync="TRUE">8</attscale></attr><attr><attrlabl Sync="TRUE">DEN_OTHER</attrlabl><attalias Sync="TRUE">DEN_OTHER</attalias><attrtype Sync="TRUE">Double</attrtype><attwidth Sync="TRUE">19</attwidth><atprecis Sync="TRUE">18</atprecis><attscale Sync="TRUE">8</attscale></attr><attr><attrlabl Sync="TRUE">DEN_MULTI</attrlabl><attalias Sync="TRUE">DEN_MULTI</attalias><attrtype Sync="TRUE">Double</attrtype><attwidth Sync="TRUE">19</attwidth><atprecis Sync="TRUE">18</atprecis><attscale Sync="TRUE">8</attscale></attr><attr><attrlabl Sync="TRUE">DEN_HISP</attrlabl><attalias Sync="TRUE">DEN_HISP</attalias><attrtype Sync="TRUE">Double</attrtype><attwidth Sync="TRUE">19</attwidth><atprecis Sync="TRUE">18</atprecis><attscale Sync="TRUE">8</attscale></attr><attr><attrlabl Sync="TRUE">DEN_DIS20</attrlabl><attalias Sync="TRUE">DEN_DIS20</attalias><attrtype Sync="TRUE">Double</attrtype><attwidth Sync="TRUE">19</attwidth><atprecis Sync="TRUE">18</atprecis><attscale Sync="TRUE">8</attscale></attr><attr><attrlabl>PCT_WHITE</attrlabl><attrdef>Percent of Persons White alone - ([WHITE] /[TOTALPOP] *100)</attrdef><attalias Sync="TRUE">PCT_WHITE</attalias><attrtype Sync="TRUE">Double</attrtype><attwidth Sync="TRUE">19</attwidth><atprecis Sync="TRUE">18</atprecis><attscale Sync="TRUE">8</attscale></attr><attr><attrlabl>PCT_BLACK</attrlabl><attrdef>Percent of Persons Black or African American alone - ([BLACK] /[TOTALPOP] *100)</attrdef><attalias Sync="TRUE">PCT_BLACK</attalias><attrtype Sync="TRUE">Double</attrtype><attwidth Sync="TRUE">19</attwidth><atprecis Sync="TRUE">18</atprecis><attscale Sync="TRUE">8</attscale></attr><attr><attrlabl>PCT_AMERI</attrlabl><attrdef>Percent of Persons American Indian and Alaska Native alone - ([AMERI_ES] /[TOTALPOP] *100)</attrdef><attalias Sync="TRUE">PCT_AMERI</attalias><attrtype Sync="TRUE">Double</attrtype><attwidth Sync="TRUE">19</attwidth><atprecis Sync="TRUE">18</atprecis><attscale Sync="TRUE">8</attscale></attr><attr><attrlabl>PCT_ASIAN</attrlabl><attrdef>Percent of Persons Asian alone - ([ASIAN] /[TOTALPOP] *100)</attrdef><attalias Sync="TRUE">PCT_ASIAN</attalias><attrtype Sync="TRUE">Double</attrtype><attwidth Sync="TRUE">19</attwidth><atprecis Sync="TRUE">18</atprecis><attscale Sync="TRUE">8</attscale></attr><attr><attrlabl>PCT_HAWN</attrlabl><attrdef>Percent of Persons Native Hawaiian and Other Pacific Islander alone - ([HAWN_PI] /[TOTALPOP] *100)</attrdef><attalias Sync="TRUE">PCT_HAWN</attalias><attrtype Sync="TRUE">Double</attrtype><attwidth Sync="TRUE">19</attwidth><atprecis Sync="TRUE">18</atprecis><attscale Sync="TRUE">8</attscale></attr><attr><attrlabl>PCT_OTHER</attrlabl><attrdef>Percent of Persons Some other race alone - ([OTHER] /[TOTALPOP] *100)</attrdef><attalias Sync="TRUE">PCT_OTHER</attalias><attrtype Sync="TRUE">Double</attrtype><attwidth Sync="TRUE">19</attwidth><atprecis Sync="TRUE">18</atprecis><attscale Sync="TRUE">8</attscale></attr><attr><attrlabl>PCT_MULTI</attrlabl><attrdef>Percent of Persons Two or more races - ([MULT_RACE] /[TOTALPOP] *100)</attrdef><attalias Sync="TRUE">PCT_MULTI</attalias><attrtype Sync="TRUE">Double</attrtype><attwidth Sync="TRUE">19</attwidth><atprecis Sync="TRUE">18</atprecis><attscale Sync="TRUE">8</attscale></attr><attr><attrlabl>PCT_HISP</attrlabl><attrdef>Percent of Persons Hispanic or Latino - ([HISPANIC] /[TOTALPOP] *100)</attrdef><attalias Sync="TRUE">PCT_HISP</attalias><attrtype Sync="TRUE">Double</attrtype><attwidth Sync="TRUE">19</attwidth><atprecis Sync="TRUE">18</atprecis><attscale Sync="TRUE">8</attscale></attr><attr><attrlabl>PCT_DIS20</attrlabl><attrdef>Percent Population 20 To 64 Years With a disability - ([DIS_2064]/[DIS_TOTAL] * 100)</attrdef><attalias Sync="TRUE">PCT_DIS20</attalias><attrtype Sync="TRUE">Double</attrtype><attwidth Sync="TRUE">19</attwidth><atprecis Sync="TRUE">18</atprecis><attscale Sync="TRUE">8</attscale></attr><attr><attrlabl>DESCRIPT</attrlabl><attrdef>GeoPlan added field based on GEOID10</attrdef><attalias Sync="TRUE">DESCRIPT</attalias><attrtype Sync="TRUE">String</attrtype><attwidth Sync="TRUE">12</attwidth><atprecis Sync="TRUE">0</atprecis><attscale Sync="TRUE">0</attscale></attr><attr><attrlabl>FGDLAQDATE</attrlabl><attrdef>Date ACS data was downloaded from U.S. Census Bureau</attrdef><attalias Sync="TRUE">FGDLAQDATE</attalias><attrtype Sync="TRUE">Date</attrtype><attwidth Sync="TRUE">8</attwidth><atprecis Sync="TRUE">0</atprecis><attscale Sync="TRUE">0</attscale></attr><attr><attrlabl>TIGERYEAR</attrlabl><attrdef>Source date for Tiger data (spatial portion of this layer)</attrdef><attalias Sync="TRUE">TIGERYEAR</attalias><attrtype Sync="TRUE">String</attrtype><attwidth Sync="TRUE">25</attwidth><atprecis Sync="TRUE">0</atprecis><attscale Sync="TRUE">0</attscale></attr><attr><attrlabl>DATAYEAR</attrlabl><attrdef>Source Date of ACS data</attrdef><attalias Sync="TRUE">DATAYEAR</attalias><attrtype Sync="TRUE">String</attrtype><attwidth Sync="TRUE">25</attwidth><atprecis Sync="TRUE">0</atprecis><attscale Sync="TRUE">0</attscale></attr><attr><attrlabl Sync="TRUE">AUTOID</attrlabl><attalias Sync="TRUE">AUTOID</attalias><attrtype Sync="TRUE">Integer</attrtype><attwidth Sync="TRUE">10</attwidth><atprecis Sync="TRUE">10</atprecis><attscale Sync="TRUE">0</attscale></attr><attr><attrlabl Sync="TRUE">SHAPE_AREA</attrlabl><attalias Sync="TRUE">SHAPE_AREA</attalias><attrtype Sync="TRUE">Double</attrtype><attwidth Sync="TRUE">19</attwidth><atprecis Sync="TRUE">0</atprecis><attscale Sync="TRUE">0</attscale><attrdef Sync="TRUE">Area of feature in internal units squared.</attrdef><attrdefs Sync="TRUE">Esri</attrdefs><attrdomv><udom Sync="TRUE">Positive real numbers that are automatically generated.</udom></attrdomv></attr><attr><attrlabl Sync="TRUE">SHAPE_LEN</attrlabl><attalias Sync="TRUE">SHAPE_LEN</attalias><attrtype Sync="TRUE">Double</attrtype><attwidth Sync="TRUE">19</attwidth><atprecis Sync="TRUE">0</atprecis><attscale Sync="TRUE">0</attscale></attr></detailed></eainfo><distinfo><distrib><cntinfo><cntorgp><cntorg>Florida Geographic Data Library (FGDL)</cntorg><cntper></cntper></cntorgp><cntpos></cntpos><cntaddr><addrtype>mailing address</addrtype><address>431 Architecture PO Box 115706</address><city>Gainesville</city><state>Florida</state><postal>32611-5706</postal><country>United States</country></cntaddr><cntvoice></cntvoice><cnttdd></cnttdd><cntfax></cntfax><cntemail>Web site: http://www.fgdl.org</cntemail><cntemail>Technical Support: http://www.fgdl.org/fgdlfeed.html</cntemail><cntemail>For FGDL Software: http://www.fgdl.org/software.html</cntemail><cntemail>FGDL Frequently Asked Questions: http://www.fgdl.org/fgdlfaq.html</cntemail><cntemail>Mailing list for FGDL: http://www.fgdl.org/fgdl-l.html</cntemail><hours></hours><cntinst></cntinst></cntinfo></distrib><resdesc>DOWNLOADABLE DATA</resdesc><distliab>The Florida Geographic Data Library is a collection of Geospatial Data
compiled by the University of Florida GeoPlan Center with support from
the Florida Department of Transportation. GIS data available in FGDL is
collected from various state, federal, and other agencies (data sources)
who are data stewards, producers, or publishers. The data available in
FGDL may not be the most current version of the data offered by the
data source. University of Florida GeoPlan Center makes no guarantees
about the currentness of the data and suggests that data users check
with the data source to see if more recent versions of the data exist.

Furthermore, the GIS data available in the FGDL are provided 'as is'.
The University of Florida GeoPlan Center makes no warranties, guaranties
or representations as to the truth, accuracy or completeness of the data
provided by the data sources. The University of Florida GeoPlan Center
makes no representations or warranties about the quality or suitability
of the materials, either expressly or implied, including but not limited
to any implied warranties of merchantability, fitness for a particular
purpose, or non-infringement. The University of Florida GeoPlan Center
shall not be liable for any damages suffered as a result of using,
modifying, contributing or distributing the materials.

A note about data scale: 

Scale is an important factor in data usage.  Certain scale datasets
are not suitable for some project, analysis, or modeling purposes.
Please be sure you are using the best available data. 

1:24000 scale datasets are recommended for projects that are at the
county level.
1:24000 data should NOT be used for high accuracy base mapping such
as property parcel boundaries.
1:100000 scale datasets are recommended for projects that are at the
multi-county or regional level.
1:125000 scale datasets are recommended for projects that are at the
regional or state level or larger.

Vector datasets with no defined scale or accuracy should be
considered suspect. Make sure you are familiar with your data
before using it for projects or analysis. Every effort has been
made to supply the user with data documentation. For additional
information, see the References section and the Data Source Contact
section of this documentation. For more information regarding
scale and accuracy, see our webpage at:
http://geoplan.ufl.edu/education.html</distliab><stdorder><digform><digtinfo><transize>5.864</transize></digtinfo></digform></stdorder><techpreq>This data is intended for use with a Geographic Information Systems or Remote Sensing software package.</techpreq></distinfo><metainfo><metd>20190107</metd><metc><cntinfo><cntorgp><cntorg>U.S. Department of Commerce, U.S. Census Bureau, Geography Division, Geographic Products Branch</cntorg></cntorgp><cntaddr><addrtype>mailing address</addrtype><address>4600 Silver Hill Road, Stop 7400</address><city>Washington</city><state>DC</state><postal>20233-7400</postal><country>United States</country></cntaddr><cntvoice>301-763-1128</cntvoice><cntfax>301-763-4710</cntfax><cntemail>geo.tiger@census.gov</cntemail></cntinfo></metc><metstdn>FGDC Content Standards for Digital Geospatial Metadata</metstdn><metstdv>FGDC-STD-001-1998</metstdv><mettc>local time</mettc><metextns><onlink>http://www.esri.com/metadata/esriprof80.html</onlink><metprof>ESRI Metadata Profile</metprof></metextns></metainfo><dataIdInfo><envirDesc Sync="TRUE"> Version 6.2 (Build 9200) ; Esri ArcGIS 10.7.1.11595</envirDesc><dataLang><languageCode value="eng" Sync="TRUE"></languageCode><countryCode value="USA" Sync="TRUE"></countryCode></dataLang><idCitation><resTitle Sync="TRUE">cntdem_acs_2018</resTitle><presForm><PresFormCd value="005" Sync="TRUE"></PresFormCd></presForm></idCitation><spatRpType><SpatRepTypCd value="001" Sync="TRUE"></SpatRepTypCd></spatRpType></dataIdInfo><mdLang><languageCode value="eng" Sync="TRUE"></languageCode><countryCode value="USA" Sync="TRUE"></countryCode></mdLang><Esri><DataProperties><itemProps><itemName Sync="TRUE">cntdem_acs_2018</itemName><imsContentType Sync="TRUE">002</imsContentType><itemSize Sync="TRUE">0.000</itemSize><itemLocation><linkage Sync="TRUE">file://\\filesrv\qaqc\finaldata\state\post_load\cntdem_acs_2018.shp</linkage><protocol Sync="TRUE">Local Area Network</protocol></itemLocation></itemProps><coordRef><type Sync="TRUE">Projected</type><geogcsn Sync="TRUE">GCS_North_American_1983_HARN</geogcsn><csUnits Sync="TRUE">Linear Unit: Meter (1.000000)</csUnits><projcsn Sync="TRUE">NAD_1983_HARN_Florida_GDL_Albers</projcsn><peXml Sync="TRUE">&lt;ProjectedCoordinateSystem xsi:type='typens:ProjectedCoordinateSystem' xmlns:xsi='http://www.w3.org/2001/XMLSchema-instance' xmlns:xs='http://www.w3.org/2001/XMLSchema' xmlns:typens='http://www.esri.com/schemas/ArcGIS/10.7'&gt;&lt;WKT&gt;PROJCS[&amp;quot;NAD_1983_HARN_Florida_GDL_Albers&amp;quot;,GEOGCS[&amp;quot;GCS_North_American_1983_HARN&amp;quot;,DATUM[&amp;quot;D_North_American_1983_HARN&amp;quot;,SPHEROID[&amp;quot;GRS_1980&amp;quot;,6378137.0,298.257222101]],PRIMEM[&amp;quot;Greenwich&amp;quot;,0.0],UNIT[&amp;quot;Degree&amp;quot;,0.0174532925199433]],PROJECTION[&amp;quot;Albers&amp;quot;],PARAMETER[&amp;quot;False_Easting&amp;quot;,400000.0],PARAMETER[&amp;quot;False_Northing&amp;quot;,0.0],PARAMETER[&amp;quot;Central_Meridian&amp;quot;,-84.0],PARAMETER[&amp;quot;Standard_Parallel_1&amp;quot;,24.0],PARAMETER[&amp;quot;Standard_Parallel_2&amp;quot;,31.5],PARAMETER[&amp;quot;Latitude_Of_Origin&amp;quot;,24.0],UNIT[&amp;quot;Meter&amp;quot;,1.0],AUTHORITY[&amp;quot;EPSG&amp;quot;,3087]]&lt;/WKT&gt;&lt;XOrigin&gt;-19550100&lt;/XOrigin&gt;&lt;YOrigin&gt;-7526400&lt;/YOrigin&gt;&lt;XYScale&gt;225743210.67916927&lt;/XYScale&gt;&lt;ZOrigin&gt;-100000&lt;/ZOrigin&gt;&lt;ZScale&gt;10000&lt;/ZScale&gt;&lt;MOrigin&gt;-100000&lt;/MOrigin&gt;&lt;MScale&gt;10000&lt;/MScale&gt;&lt;XYTolerance&gt;0.001&lt;/XYTolerance&gt;&lt;ZTolerance&gt;0.001&lt;/ZTolerance&gt;&lt;MTolerance&gt;0.001&lt;/MTolerance&gt;&lt;HighPrecision&gt;true&lt;/HighPrecision&gt;&lt;WKID&gt;3087&lt;/WKID&gt;&lt;LatestWKID&gt;3087&lt;/LatestWKID&gt;&lt;/ProjectedCoordinateSystem&gt;</peXml></coordRef><lineage><Process ToolSource="c:\program files (x86)\arcgis\desktop10.7\ArcToolbox\Toolboxes\Data Management Tools.tbx\CopyFeatures" Date="20200131" Time="162617">CopyFeatures "Database Connections\poke_etat.sde\ETAT.uscb\ETAT.CNTDEM_ACS_2018" Q:\finaldata\state\post_load\cntdem_acs_2018.shp # 0 0 0</Process></lineage></DataProperties><SyncDate>20200131</SyncDate><SyncTime>16261600</SyncTime><ModDate>20200131</ModDate><ModTime>16261600</ModTime></Esri><distInfo><distFormat><formatName Sync="TRUE">Shapefile</formatName></distFormat><distTranOps><transSize Sync="TRUE">0.000</transSize></distTranOps></distInfo><mdHrLv><ScopeCd value="005" Sync="TRUE"></ScopeCd></mdHrLv><mdHrLvName Sync="TRUE">dataset</mdHrLvName><refSysInfo><RefSystem><refSysID><identCode code="3087" Sync="TRUE"></identCode><idCodeSpace Sync="TRUE">EPSG</idCodeSpace><idVersion Sync="TRUE">6.13(9.2.0)</idVersion></refSysID></RefSystem></refSysInfo><spatRepInfo><VectSpatRep><geometObjs Name="cntdem_acs_2018"><geoObjTyp><GeoObjTypCd value="002" Sync="TRUE"></GeoObjTypCd></geoObjTyp><geoObjCnt Sync="TRUE">0</geoObjCnt></geometObjs><topLvl><TopoLevCd value="001" Sync="TRUE"></TopoLevCd></topLvl></VectSpatRep></spatRepInfo><mdDateSt Sync="TRUE">20200131</mdDateSt></metadata>
